Overall Rank,Player,Position,Team,Position Rank,Proj Rank (Pos),Personal Rank (Pos),Blended Points,VORP,Weighted VORP,Tier,Auction Value ($)
1,Jahmyr Gibbs,RB,DET,1,1,2,313.8,212.4,620.18,1,58
2,Bijan Robinson,RB,ATL,2,2,1,312.4,211.0,615.27,1,58
3,Puka Nacua,WR,LAR,1,1,2,276.5,173.6,630.02,1,54
4,Ja'Marr Chase,WR,CIN,2,2,1,275.9,173.0,627.58,1,54
5,Christian McCaffrey,RB,SF,3,3,4,286.3,184.9,525.37,2,50
6,Jonathan Taylor,RB,IND,4,4,3,284.7,183.4,519.93,2,49
7,Jaxon Smith-Njigba,WR,SEA,3,3,3,260.3,157.4,557.51,2,48
8,Amon-Ra St. Brown,WR,DET,4,4,4,251.5,148.6,518.96,2,45
9,James Cook III,RB,BUF,5,5,5,250.6,149.2,406.11,3,39
10,De'Von Achane,RB,MIA,6,6,7,249.8,148.4,403.44,3,38
11,Ashton Jeanty,RB,LV,7,7,6,243.0,141.6,381.28,4,36
12,Saquon Barkley,RB,PHI,8,8,8,236.2,134.8,359.58,4,34
13,CeeDee Lamb,WR,DAL,5,5,5,222.5,119.6,395.43,3,34
14,Derrick Henry,RB,BAL,9,9,12,236.1,134.7,359.07,4,34
15,Chase Brown,RB,CIN,10,10,9,233.0,131.7,349.4,4,33
16,Drake London,WR,ATL,6,6,7,219.8,116.9,384.25,3,33
17,Justin Jefferson,WR,MIN,7,7,6,218.7,115.8,379.84,3,33
18,Omarion Hampton,RB,LAC,11,11,10,228.1,126.7,333.69,4,32
19,Kenneth Walker III,RB,KC,12,12,11,224.2,122.8,321.53,4,31
20,Josh Jacobs,RB,GB,13,13,13,223.1,121.7,317.87,4,30
21,Josh Allen,QB,BUF,1,1,1,353.4,89.8,220.85,1,30
22,Jeremiyah Love,RB,ARI,14,14,14,217.5,116.1,300.58,4,29
23,A.J. Brown,WR,NE,8,8,9,206.1,103.2,328.84,4,29
24,George Pickens,WR,DAL,9,9,11,203.9,101.0,320.26,4,28
25,Nico Collins,WR,HOU,10,10,8,203.4,100.5,318.29,4,28
26,Rashee Rice,WR,KC,11,11,10,203.0,100.1,316.58,4,28
27,Breece Hall,RB,NYJ,15,15,16,213.1,111.7,286.91,4,28
28,Kyren Williams,RB,LAR,16,16,18,211.4,110.0,281.66,4,27
29,Javonte Williams,RB,DAL,17,17,15,211.1,109.8,280.87,4,27
30,Trey McBride,TE,ARI,1,1,2,194.0,90.8,90.8,1,25
31,Chris Olave,WR,NO,12,12,13,195.9,92.9,288.6,5,25
32,Travis Etienne Jr.,RB,NO,18,18,17,204.2,102.8,259.62,4,25
33,Cam Skattebo,RB,NYG,19,19,19,203.6,102.3,258.02,4,25
34,Brock Bowers,TE,LV,2,2,1,192.2,88.9,88.9,1,25
35,Zay Flowers,WR,BAL,13,13,18,189.3,86.4,263.43,6,23
36,DeVonta Smith,WR,PHI,14,14,14,189.1,86.1,262.43,6,23
37,Tee Higgins,WR,CIN,15,15,15,188.7,85.8,261.21,6,23
38,Garrett Wilson,WR,NYJ,16,16,16,186.1,83.1,251.05,6,22
39,Malik Nabers,WR,NYG,17,17,12,184.6,81.7,245.64,6,22
40,D'Andre Swift,RB,CHI,20,20,21,190.5,89.1,218.76,5,21
41,Bucky Irving,RB,TB,21,21,20,190.4,89.1,218.56,5,21
42,Tetairoa McMillan,WR,CAR,18,18,17,183.2,80.2,240.19,6,21
43,Quinshon Judkins,RB,CLE,22,22,22,186.1,84.7,205.77,6,20
44,Davante Adams,WR,LAR,19,19,22,178.8,75.8,223.84,7,20
45,Terry McLaurin,WR,WAS,20,20,23,177.0,74.1,217.36,7,19
46,Jaylen Waddle,WR,DEN,21,21,21,175.1,72.2,210.61,7,19
47,Colston Loveland,TE,CHI,3,3,3,169.0,65.8,65.76,2,19
48,David Montgomery,RB,HOU,23,23,23,180.5,79.2,189.75,7,19
49,Ladd McConkey,WR,LAC,22,22,20,174.6,71.7,208.6,7,19
50,Bhayshul Tuten,RB,JAC,24,24,25,178.6,77.2,184.11,7,18
51,TreVeyon Henderson,RB,NE,25,25,24,178.5,77.1,183.8,7,18
52,Jameson Williams,WR,DET,23,23,26,171.9,69.0,198.82,7,18
53,Emeka Egbuka,WR,TB,24,24,25,171.8,68.9,198.51,7,18
54,Luther Burden III,WR,CHI,25,25,19,171.2,68.3,196.44,7,18
55,Christian Watson,WR,GB,26,26,24,169.1,66.2,188.96,7,17
56,Tyler Warren,TE,IND,4,4,4,161.5,58.2,58.21,3,17
57,Lamar Jackson,QB,BAL,2,2,2,316.3,52.7,116.35,2,16
58,Jaylen Warren,RB,PIT,26,26,28,169.6,68.2,158.74,8,16
59,Rome Odunze,WR,CHI,27,27,28,164.3,61.3,171.7,8,15
60,Mike Evans,WR,SF,28,28,27,163.6,60.7,169.4,8,15
61,Chuba Hubbard,RB,CAR,27,27,26,167.8,66.4,153.62,8,15
62,Rhamondre Stevenson,RB,NE,28,28,30,166.5,65.1,150.14,8,15
63,D.J. Moore,WR,BUF,29,29,29,162.2,59.3,164.45,8,15
64,Tony Pollard,RB,TEN,29,29,29,165.7,64.3,147.8,8,15
65,Alec Pierce,WR,IND,30,30,32,161.3,58.4,161.45,8,15
66,Jadarian Price,RB,SEA,30,30,27,164.5,63.1,144.53,8,14
67,Drake Maye,QB,NE,3,3,3,309.3,45.7,98.1,3,14
68,Rico Dowdle,RB,PIT,31,31,31,162.7,61.3,139.68,8,14
69,Jayden Daniels,QB,WAS,4,4,4,308.3,44.6,95.45,3,14
70,D.K. Metcalf,WR,PIT,31,31,34,156.0,53.1,143.43,9,13
71,Jalen Hurts,QB,PHI,5,5,6,306.5,42.9,91.05,3,13
72,Harold Fannin Jr.,TE,CLE,5,5,6,147.9,44.7,44.67,4,13
73,Tucker Kraft,TE,GB,6,6,5,147.5,44.2,44.25,4,13
74,Joe Burrow,QB,CIN,6,6,5,305.1,41.5,87.32,3,13
75,Carnell Tate,WR,TEN,32,32,30,154.1,51.2,136.79,9,12
76,Courtland Sutton,WR,DEN,33,33,35,153.9,51.0,136.14,9,12
77,Sam LaPorta,TE,DET,7,7,7,145.2,41.9,41.94,4,12
78,Marvin Harrison Jr.,WR,ARI,34,34,33,151.2,48.3,127.3,9,12
79,Kyle Pitts Sr.,TE,ATL,8,8,8,143.1,39.8,39.84,4,12
80,Parker Washington,WR,JAC,35,35,36,149.6,46.7,121.93,9,11
81,Travis Kelce,TE,KC,9,9,9,139.1,35.8,35.82,4,11
82,J.K. Dobbins,RB,DEN,32,32,32,149.1,47.7,103.24,9,11
83,Jordyn Tyson,WR,NO,36,36,31,146.7,43.7,112.49,9,10
84,Brian Thomas Jr.,WR,JAC,37,37,38,146.5,43.6,111.9,9,10
85,RJ Harvey,RB,DEN,33,33,33,147.7,46.3,99.72,9,10
86,Chris Godwin Jr.,WR,TB,38,38,39,145.4,42.5,108.43,9,10
87,Jaxson Dart,QB,NYG,7,7,9,294.8,31.2,62.03,4,9
88,Jakobi Meyers,WR,JAC,39,39,41,141.7,38.8,96.79,10,9
89,Mark Andrews,TE,BAL,10,10,12,133.5,30.3,30.29,5,9
90,Caleb Williams,QB,CHI,8,8,7,294.4,30.8,61.18,4,9
91,Michael Wilson,WR,ARI,40,40,43,141.4,38.5,95.93,10,9
92,George Kittle,TE,SF,11,11,10,133.2,30.0,29.98,5,9
93,Michael Pittman Jr.,WR,PIT,41,41,45,141.3,38.4,95.63,10,9
94,Jayden Reed,WR,GB,42,42,40,141.2,38.3,95.27,10,9
95,Kyle Monangai,RB,CHI,34,34,34,141.7,40.4,84.53,10,9
96,Dak Prescott,QB,DAL,9,9,11,293.3,29.7,58.49,4,9
97,Trevor Lawrence,QB,JAC,10,10,10,293.1,29.5,58.0,4,9
98,Justin Herbert,QB,LAC,11,11,8,292.6,29.0,56.9,4,9
99,Quentin Johnston,WR,LAC,43,43,46,137.8,34.9,84.83,11,8
100,Jordan Addison,WR,MIN,44,44,44,137.8,34.8,84.64,11,8
101,Josh Downs,WR,IND,45,45,48,137.2,34.3,83.09,11,8
102,Dallas Goedert,TE,PHI,12,12,15,128.5,25.3,25.28,6,8
103,Aaron Jones Sr.,RB,MIN,35,35,38,136.9,35.5,72.55,11,8
104,Rachaad White,RB,WAS,36,36,36,136.5,35.1,71.47,11,8
105,Dalton Kincaid,TE,BUF,13,13,11,127.8,24.6,24.57,6,8
106,Blake Corum,RB,LAR,37,37,35,136.2,34.8,70.87,11,8
107,Kenny Gainwell,RB,TB,38,38,39,135.7,34.3,69.63,11,7
108,Jake Ferguson,TE,DAL,14,14,13,127.2,23.9,23.93,6,7
109,Wan'Dale Robinson,WR,TEN,46,46,47,134.0,31.1,73.53,12,7
110,Ricky Pearsall,WR,SF,47,47,42,133.4,30.5,71.53,12,7
111,Makai Lemon,WR,PHI,48,48,37,132.6,29.7,69.35,12,7
112,Patrick Mahomes,QB,KC,12,12,14,287.1,23.4,44.05,5,7
113,Brock Purdy,QB,SF,13,13,12,287.0,23.4,43.99,5,7
114,Xavier Worthy,WR,KC,49,49,50,131.6,28.7,66.35,12,7
115,Romeo Doubs,WR,NE,50,50,49,131.5,28.6,66.02,12,7
116,Isaiah Likely,TE,NYG,15,15,14,122.9,19.6,19.62,7,6
117,Bo Nix,QB,DEN,14,14,13,284.8,21.2,38.99,5,6
118,Jacory Croskey-Merritt,RB,WAS,39,39,37,129.4,28.0,54.51,11,6
119,Hunter Henry,TE,NE,16,16,16,122.0,18.7,18.75,7,6
120,Khalil Shakir,WR,BUF,51,51,54,125.1,22.2,48.07,13,5
121,Jordan Mason,RB,MIN,40,40,40,123.1,21.7,40.13,11,5
122,Juwan Johnson,TE,NO,17,17,18,116.7,13.4,13.44,8,5
123,Matthew Stafford,QB,LAR,15,15,16,279.3,15.6,27.13,6,5
124,Brenton Strange,TE,JAC,18,18,17,116.1,12.8,12.82,8,4
125,Jayden Higgins,WR,HOU,52,52,51,122.4,19.5,40.89,13,4
126,Matthew Golden,WR,GB,53,53,53,119.9,17.0,34.42,13,4
127,Jalen Coker,WR,CAR,54,54,52,117.9,15.0,29.61,13,3
128,Jared Goff,QB,DET,16,16,18,274.7,11.1,18.0,7,3
129,Stefon Diggs,WR,FA,55,55,73,116.7,13.8,26.57,13,3
130,Jonathon Brooks,RB,CAR,41,41,41,115.4,14.0,23.81,12,3
131,Kyler Murray,QB,MIN,17,17,15,272.7,9.1,14.09,7,3
132,Rashid Shaheed,WR,SEA,56,56,56,113.0,10.1,18.09,13,3
133,Dalton Schultz,TE,HOU,19,19,22,108.8,5.5,5.5,9,2
134,Oronde Gadsden II,TE,LAC,20,20,19,108.3,5.0,5.03,9,2
135,Kenyon Sadiq,TE,NYJ,21,21,21,107.6,4.4,4.37,9,2
136,T.J. Hockenson,TE,MIN,22,22,23,106.3,3.1,3.05,10,2
137,Chig Okonkwo,TE,WAS,23,23,20,105.7,2.4,2.42,10,2
138,Baker Mayfield,QB,TB,18,18,19,266.8,3.2,4.09,8,2
139,Tyler Shough,QB,NO,19,19,17,266.3,2.7,3.29,8,1
140,Tyrone Tracy Jr.,RB,NYG,42,42,43,104.2,2.8,3.51,12,1
141,Chris Rodriguez Jr.,RB,JAC,43,43,42,104.1,2.7,3.36,12,1
142,KC Concepcion,WR,CLE,57,57,68,105.3,2.3,2.9,14,1
143,Omar Cooper Jr.,WR,NYJ,58,58,55,103.8,0.9,0.89,14,1
144,Tre Tucker,WR,LV,59,59,63,103.3,0.4,0.32,14,1
145,Jordan Love,QB,GB,20,20,20,263.6,0.0,0.0,9,1
146,C.J. Stroud,QB,HOU,21,21,22,252.2,0.0,0.0,9,1
147,Malik Willis,QB,MIA,22,22,21,250.3,0.0,0.0,9,1
148,Sam Darnold,QB,SEA,23,23,23,249.3,0.0,0.0,9,1
149,Daniel Jones,QB,IND,24,24,24,244.1,0.0,0.0,9,1
150,Bryce Young,QB,CAR,25,25,26,233.7,0.0,0.0,9,1
151,Cam Ward,QB,TEN,26,26,25,232.0,0.0,0.0,9,1
152,Jacoby Brissett,QB,ARI,27,27,27,218.1,0.0,0.0,9,1
153,Geno Smith,QB,NYJ,28,28,28,210.4,0.0,0.0,9,1
154,Aaron Rodgers,QB,PIT,29,29,30,209.4,0.0,0.0,9,1
155,Fernando Mendoza,QB,LV,30,30,29,192.8,0.0,0.0,9,1
156,Deshaun Watson,QB,CLE,31,31,31,125.9,0.0,0.0,9,1
157,Tua Tagovailoa,QB,ATL,32,32,33,125.6,0.0,0.0,9,1
158,Michael Penix Jr.,QB,ATL,33,33,32,116.0,0.0,0.0,9,1
159,Shedeur Sanders,QB,CLE,34,34,34,102.6,0.0,0.0,9,1
160,Kirk Cousins,QB,LV,35,35,35,56.2,0.0,0.0,9,1
161,J.J. McCarthy,QB,MIN,36,36,36,34.1,0.0,0.0,9,1
162,Carson Beck,QB,ARI,37,37,37,31.3,0.0,0.0,9,1
163,Taylen Green,QB,CLE,38,38,,26.4,0.0,0.0,9,1
164,Mac Jones,QB,SF,39,39,,24.9,0.0,0.0,9,1
165,Justin Fields,QB,KC,40,40,38,24.1,0.0,0.0,9,1
166,Anthony Richardson Sr.,QB,IND,41,41,,23.3,0.0,0.0,9,1
167,Jameis Winston,QB,NYG,42,42,,22.8,0.0,0.0,9,1
168,Marcus Mariota,QB,WAS,43,43,,22.5,0.0,0.0,9,1
169,Davis Mills,QB,HOU,44,44,,20.4,0.0,0.0,9,1
170,Spencer Rattler,QB,NO,45,45,,20.3,0.0,0.0,9,1
171,Riley Leonard,QB,IND,46,46,,19.9,0.0,0.0,9,1
172,Ty Simpson,QB,LAR,47,47,,19.7,0.0,0.0,9,1
173,Cade Klubnik,QB,NYJ,48,48,,19.5,0.0,0.0,9,1
174,Joe Flacco,QB,CIN,49,49,,19.4,0.0,0.0,9,1
175,Tyrod Taylor,QB,GB,50,50,,19.2,0.0,0.0,9,1
176,Joe Milton III,QB,DAL,51,51,,19.1,0.0,0.0,9,1
177,Mason Rudolph,QB,PIT,52,52,,19.1,0.0,0.0,9,1
178,Tyson Bagent,QB,CHI,53,53,39,17.8,0.0,0.0,9,1
179,Gardner Minshew II,QB,ARI,54,54,,16.2,0.0,0.0,9,1
180,Tyler Huntley,QB,BAL,55,55,,15.0,0.0,0.0,9,1
181,Quinn Ewers,QB,MIA,56,56,,14.9,0.0,0.0,9,1
182,Tanner McKee,QB,PHI,57,57,40,14.9,0.0,0.0,9,1
183,Trey Lance,QB,LAC,58,58,,14.8,0.0,0.0,9,1
184,Kenny Pickett,QB,CAR,59,59,,14.7,0.0,0.0,9,1
185,Jimmy Garoppolo,QB,LAR,60,60,,14.6,0.0,0.0,9,1
186,Andy Dalton,QB,PHI,61,61,,13.3,0.0,0.0,9,1
187,Teddy Bridgewater,QB,DET,62,62,,12.7,0.0,0.0,9,1
188,Dillon Gabriel,QB,CLE,63,63,,12.5,0.0,0.0,9,1
189,Jake Browning,QB,TB,64,64,,12.4,0.0,0.0,9,1
190,Drew Allar,QB,PIT,65,65,,12.2,0.0,0.0,9,1
191,Tommy DeVito,QB,NE,66,66,,11.8,0.0,0.0,9,1
192,Joshua Dobbs,QB,NE,67,67,,11.5,0.0,0.0,9,1
193,Jarrett Stidham,QB,DEN,68,68,,11.4,0.0,0.0,9,1
194,Mitch Trubisky,QB,TEN,69,69,,11.2,0.0,0.0,9,1
195,Nick Mullens,QB,JAC,70,70,,11.1,0.0,0.0,9,1
196,Kyle Allen,QB,BUF,71,71,,10.9,0.0,0.0,9,1
197,Carson Wentz,QB,MIN,72,72,,10.8,0.0,0.0,9,1
198,Will Levis,QB,TEN,73,73,,10.8,0.0,0.0,9,1
199,Sam Howell,QB,DAL,74,74,,10.6,0.0,0.0,9,1
200,Jalen Milroe,QB,SEA,75,75,,9.6,0.0,0.0,9,1
201,Drew Lock,QB,SEA,76,76,,9.6,0.0,0.0,9,1
202,Will Howard,QB,PIT,77,77,,7.0,0.0,0.0,9,1
203,Garrett Nussmeier,QB,KC,78,78,,6.9,0.0,0.0,9,1
204,Chris Oladokun,QB,KC,79,79,,6.8,0.0,0.0,9,1
205,Brandon Allen,QB,NYG,80,80,,6.5,0.0,0.0,9,1
206,Adrian Martinez,QB,SF,81,81,,6.2,0.0,0.0,9,1
207,Shane Buechele,QB,BUF,82,82,,6.0,0.0,0.0,9,1
208,Aidan O'Connell,QB,LV,83,83,,5.5,0.0,0.0,9,1
209,Zach Wilson,QB,NO,84,84,,5.5,0.0,0.0,9,1
210,Brady Cook,QB,NYJ,85,85,,5.0,0.0,0.0,9,1
211,Desmond Ridder,QB,GB,86,86,,4.9,0.0,0.0,9,1
212,Diego Pavia,QB,BAL,87,87,,4.1,0.0,0.0,9,1
213,Behren Morton,QB,NE,88,88,,3.5,0.0,0.0,9,1
214,Cole Payton,QB,PHI,89,89,,3.0,0.0,0.0,9,1
215,Josh Johnson,QB,CIN,90,90,,2.9,0.0,0.0,9,1
216,Tyjae Spears,RB,TEN,44,44,48,101.4,0.0,0.0,13,1
217,Isiah Pacheco,RB,DET,45,45,47,99.6,0.0,0.0,13,1
218,Woody Marks,RB,HOU,46,46,51,98.9,0.0,0.0,13,1
219,Zach Charbonnet,RB,SEA,47,47,46,98.7,0.0,0.0,13,1
220,Tyler Allgeier,RB,ARI,48,48,44,92.6,0.0,0.0,13,1
221,Dylan Sampson,RB,CLE,49,49,50,87.1,0.0,0.0,13,1
222,Brian Robinson Jr.,RB,ATL,50,50,52,83.3,0.0,0.0,13,1
223,Alvin Kamara,RB,NO,51,51,55,80.9,0.0,0.0,13,1
224,Keaton Mitchell,RB,LAC,52,52,49,77.2,0.0,0.0,13,1
225,Jonah Coleman,RB,DEN,53,53,45,70.1,0.0,0.0,13,1
226,Braelon Allen,RB,NYJ,54,54,58,68.1,0.0,0.0,13,1
227,Justice Hill,RB,BAL,55,55,69,66.2,0.0,0.0,13,1
228,Samaje Perine,RB,CIN,56,56,74,62.1,0.0,0.0,13,1
229,Mike Washington Jr.,RB,LV,57,57,59,59.7,0.0,0.0,13,1
230,Ty Johnson,RB,BUF,58,58,79,59.0,0.0,0.0,13,1
231,Tank Bigsby,RB,PHI,59,59,60,58.8,0.0,0.0,13,1
232,Emmett Johnson,RB,KC,60,60,53,55.6,0.0,0.0,13,1
233,Emanuel Wilson,RB,SEA,61,61,57,52.8,0.0,0.0,13,1
234,Ray Davis,RB,BUF,62,62,64,52.8,0.0,0.0,13,1
235,Kimani Vidal,RB,LAC,63,63,70,52.6,0.0,0.0,13,1
236,Sean Tucker,RB,TB,64,64,62,52.5,0.0,0.0,13,1
237,Jordan James,RB,SF,65,65,66,52.3,0.0,0.0,13,1
238,Kaytron Allen,RB,WAS,66,66,54,51.6,0.0,0.0,13,1
239,James Conner,RB,ARI,67,67,61,51.4,0.0,0.0,13,1
240,Jaylen Wright,RB,MIA,68,68,67,50.1,0.0,0.0,13,1
241,Kaelon Black,RB,SF,69,69,72,47.8,0.0,0.0,13,1
242,MarShawn Lloyd,RB,GB,70,70,71,47.7,0.0,0.0,13,1
243,Nicholas Singleton,RB,TEN,71,71,56,46.5,0.0,0.0,13,1
244,Chris Brooks,RB,GB,72,72,73,45.3,0.0,0.0,13,1
245,Jaydon Blue,RB,DAL,73,73,63,45.3,0.0,0.0,13,1
246,Najee Harris,RB,LAC,74,74,65,42.1,0.0,0.0,13,1
247,Isaiah Davis,RB,NYJ,75,75,82,41.3,0.0,0.0,13,1
248,Emari Demercado,RB,KC,76,76,88,39.5,0.0,0.0,13,1
249,Brashard Smith,RB,KC,77,77,81,39.2,0.0,0.0,13,1
250,Nick Chubb,RB,FA,78,78,94,38.8,0.0,0.0,13,1
251,DJ Giddens,RB,IND,79,79,80,38.3,0.0,0.0,13,1
252,George Holani,RB,SEA,80,80,83,38.0,0.0,0.0,13,1
253,Adam Randall,RB,BAL,81,81,76,37.9,0.0,0.0,13,1
254,Ollie Gordon II,RB,MIA,82,82,75,37.4,0.0,0.0,13,1
255,Joe Mixon,RB,FA,83,83,87,36.1,0.0,0.0,13,1
256,Malik Davis,RB,DAL,84,84,98,36.0,0.0,0.0,13,1
257,Demond Claiborne,RB,MIN,85,85,68,34.4,0.0,0.0,13,1
258,LeQuint Allen Jr.,RB,JAC,86,86,84,34.1,0.0,0.0,13,1
259,Devin Singletary,RB,NYG,87,87,89,33.8,0.0,0.0,13,1
260,Kareem Hunt,RB,FA,88,88,97,33.3,0.0,0.0,13,1
261,Kendre Miller,RB,NO,89,89,77,32.9,0.0,0.0,13,1
262,Kyle Juszczyk,RB,SF,90,90,109,32.6,0.0,0.0,13,1
263,AJ Dillon,RB,CAR,91,91,,31.0,0.0,0.0,13,1
264,Austin Ekeler,RB,WAS,92,92,101,29.8,0.0,0.0,13,1
265,Trey Benson,RB,ARI,93,93,78,28.1,0.0,0.0,13,1
266,Antonio Gibson,RB,FA,94,94,104,27.5,0.0,0.0,13,1
267,Devin Neal,RB,NO,95,95,86,26.6,0.0,0.0,13,1
268,Kaleb Johnson,RB,PIT,96,96,85,25.4,0.0,0.0,13,1
269,Jerome Ford,RB,WAS,97,97,92,25.1,0.0,0.0,13,1
270,Jeremy McNichols,RB,WAS,98,98,110,24.9,0.0,0.0,13,1
271,Seth McGowan,RB,IND,99,99,91,23.7,0.0,0.0,13,1
272,Jawhar Jordan,RB,HOU,100,100,119,23.4,0.0,0.0,13,1
273,Will Shipley,RB,PHI,101,101,95,23.3,0.0,0.0,13,1
274,Hunter Luepke,RB,DAL,102,102,,22.9,0.0,0.0,13,1
275,Eli Heidenreich,RB,PIT,103,103,90,22.7,0.0,0.0,13,1
276,Tahj Brooks,RB,CIN,104,104,93,22.2,0.0,0.0,13,1
277,Phil Mafah,RB,DAL,105,105,99,22.0,0.0,0.0,13,1
278,Miles Sanders,RB,FA,106,106,107,22.0,0.0,0.0,13,1
279,Raheim Sanders,RB,CLE,107,107,105,21.9,0.0,0.0,13,1
280,Rasheen Ali,RB,BAL,108,108,,21.3,0.0,0.0,13,1
281,Audric Estime,RB,NO,109,109,100,21.0,0.0,0.0,13,1
282,Trevor Etienne,RB,CAR,110,110,96,21.0,0.0,0.0,13,1
283,Alexander Mattison,RB,MIA,111,111,106,20.7,0.0,0.0,13,1
284,Zavier Scott,RB,MIN,112,112,,20.7,0.0,0.0,13,1
285,Ty Chandler,RB,NO,113,113,113,20.6,0.0,0.0,13,1
286,Isaac Guerendo,RB,SF,114,114,103,19.8,0.0,0.0,13,1
287,Jam Miller,RB,NE,115,115,112,18.3,0.0,0.0,13,1
288,Dean Connors,RB,LAR,116,116,,17.8,0.0,0.0,13,1
289,J'Mari Taylor,RB,JAC,117,117,108,17.8,0.0,0.0,13,1
290,Roschon Johnson,RB,CHI,118,118,117,17.8,0.0,0.0,13,1
291,Michael Carter,RB,TEN,119,119,118,17.7,0.0,0.0,13,1
292,Tyler Goodson,RB,ATL,120,120,116,16.8,0.0,0.0,13,1
293,Jaleel McLaughlin,RB,DEN,121,121,120,16.7,0.0,0.0,13,1
294,Jarquez Hunter,RB,LAR,122,122,102,15.9,0.0,0.0,13,1
295,Raheem Mostert,RB,LV,123,123,,15.6,0.0,0.0,13,1
296,Elijah Mitchell,RB,PHI,124,124,,15.5,0.0,0.0,13,1
297,Ronnie Rivers,RB,LAR,125,125,,15.2,0.0,0.0,13,1
298,Jaydn Ott,RB,KC,126,126,114,15.1,0.0,0.0,13,1
299,Dare Ogunbowale,RB,HOU,127,127,,15.0,0.0,0.0,13,1
300,Kenny McIntosh,RB,SEA,128,128,115,14.8,0.0,0.0,13,1
301,Tyler Badie,RB,DEN,129,129,,14.7,0.0,0.0,13,1
302,Carlos Washington Jr.,RB,MIA,130,130,,14.6,0.0,0.0,13,1
303,Frank Gore Jr.,RB,BUF,131,131,,13.6,0.0,0.0,13,1
304,Connor Heyward,RB,LV,132,132,,12.5,0.0,0.0,13,1
305,Ameer Abdullah,RB,JAC,133,133,,12.3,0.0,0.0,13,1
306,Pierre Strong Jr.,RB,GB,134,134,,12.0,0.0,0.0,13,1
307,Brittain Brown,RB,CHI,135,135,,11.8,0.0,0.0,13,1
308,Riley Nowakowski,RB,PIT,136,136,,11.7,0.0,0.0,13,1
309,Robert Henry Jr.,RB,WAS,137,137,,11.7,0.0,0.0,13,1
310,Jaret Patterson,RB,LAC,138,138,,11.7,0.0,0.0,13,1
311,Israel Abanikanda,RB,DAL,139,139,,11.3,0.0,0.0,13,1
312,Desmond Reid,RB,BUF,140,140,,10.9,0.0,0.0,13,1
313,Andrew Beck,RB,NYJ,141,141,,10.3,0.0,0.0,13,1
314,Bam Knight,RB,ARI,142,142,111,10.3,0.0,0.0,13,1
315,Roman Hemby,RB,LV,143,143,,9.6,0.0,0.0,13,1
316,Alec Ingold,RB,LAC,144,144,,9.5,0.0,0.0,13,1
317,Donovan Edwards,RB,MIA,145,145,,9.4,0.0,0.0,13,1
318,Damien Martinez,RB,GB,146,146,,9.2,0.0,0.0,13,1
319,Michael Burton,RB,CLE,147,147,,8.5,0.0,0.0,13,1
320,Lan Larison,RB,NE,148,148,,8.0,0.0,0.0,13,1
321,Kalel Mullings,RB,TEN,149,149,,8.0,0.0,0.0,13,1
322,Terrell Jennings,RB,NE,150,150,,7.9,0.0,0.0,13,1
323,Dameon Pierce,RB,PHI,151,151,,7.8,0.0,0.0,13,1
324,Salvon Ahmed,RB,CHI,152,152,,7.6,0.0,0.0,13,1
325,Terion Stewart,RB,KC,153,153,,7.5,0.0,0.0,13,1
326,Jamal Haynes,RB,CIN,154,154,,7.4,0.0,0.0,13,1
327,Nathan Carter,RB,ATL,155,155,,7.2,0.0,0.0,13,1
328,Zamir White,RB,FA,156,156,,7.0,0.0,0.0,13,1
329,Jacob Saylors,RB,DET,157,157,,6.6,0.0,0.0,13,1
330,Scott Matlock,RB,LAC,158,158,,6.5,0.0,0.0,13,1
331,Adam Prentice,RB,DEN,159,159,,6.4,0.0,0.0,13,1
332,Noah Whittington,RB,HOU,160,160,,6.3,0.0,0.0,13,1
333,CJ Donaldson,RB,NO,161,161,,5.5,0.0,0.0,13,1
334,Chip Trayanum,RB,NYJ,162,162,,4.9,0.0,0.0,13,1
335,Max Bredeson,RB,MIN,163,163,,4.3,0.0,0.0,13,1
336,Dylan Laube,RB,LV,164,164,,4.3,0.0,0.0,13,1
337,Jacardia Wright,RB,SEA,165,165,,3.9,0.0,0.0,13,1
338,Sione Vaki,RB,DET,166,166,,3.9,0.0,0.0,13,1
339,Reggie Gilliam,RB,NE,167,167,,3.2,0.0,0.0,13,1
340,Patrick Ricard,RB,NYG,168,168,,3.1,0.0,0.0,13,1
341,Julius Chestnut,RB,TEN,169,169,,2.9,0.0,0.0,13,1
342,British Brooks,RB,HOU,170,170,,2.7,0.0,0.0,13,1
343,Khalil Herbert,RB,FA,171,171,,2.6,0.0,0.0,13,1
344,Hassan Haskins,RB,FA,172,172,,2.3,0.0,0.0,13,1
345,Zonovan Knight,RB,ARI,173,173,,2.0,0.0,0.0,13,1
346,Kene Nwangwu,RB,NYJ,174,174,,1.5,0.0,0.0,13,1
347,Cam Akers,RB,SEA,175,175,,1.4,0.0,0.0,13,1
348,Eric Gray,RB,NYG,176,176,,0.9,0.0,0.0,13,1
349,DeeJay Dallas,RB,JAC,177,177,,0.9,0.0,0.0,13,1
350,Josh Williams,RB,TB,178,178,,0.5,0.0,0.0,13,1
351,Ulysses Bentley IV,RB,IND,179,179,,0.2,0.0,0.0,13,1
352,Craig Reynolds,RB,NE,180,180,,0.2,0.0,0.0,13,1
353,Jerry Jeudy,WR,CLE,60,60,61,102.9,0.0,0.0,15,1
354,Deebo Samuel,WR,FA,61,61,76,102.7,0.0,0.0,15,1
355,Jauan Jennings,WR,MIN,62,62,60,102.7,0.0,0.0,15,1
356,Jalen McMillan,WR,TB,63,63,59,102.6,0.0,0.0,15,1
357,Denzel Boston,WR,CLE,64,64,57,101.6,0.0,0.0,15,1
358,Calvin Ridley,WR,TEN,65,65,64,97.4,0.0,0.0,15,1
359,Jalen Nailor,WR,LV,66,66,66,95.0,0.0,0.0,15,1
360,Antonio Williams,WR,WAS,67,67,62,92.9,0.0,0.0,15,1
361,Adonai Mitchell,WR,NYJ,68,68,67,88.3,0.0,0.0,15,1
362,Ryan Flournoy,WR,DAL,69,69,72,87.9,0.0,0.0,15,1
363,Germie Bernard,WR,PIT,70,70,70,86.2,0.0,0.0,15,1
364,Brandon Aiyuk,WR,SF,71,71,58,85.3,0.0,0.0,15,1
365,Malik Washington,WR,MIA,72,72,81,83.0,0.0,0.0,15,1
366,Travis Hunter,WR,JAC,73,73,65,82.0,0.0,0.0,15,1
367,Kayshon Boutte,WR,NE,74,74,69,81.8,0.0,0.0,15,1
368,Tre' Harris,WR,LAC,75,75,71,80.5,0.0,0.0,15,1
369,Isaac TeSlaa,WR,DET,76,76,74,79.9,0.0,0.0,15,1
370,Rashod Bateman,WR,BAL,77,77,89,78.2,0.0,0.0,15,1
371,Cooper Kupp,WR,SEA,78,78,90,77.9,0.0,0.0,15,1
372,Darnell Mooney,WR,NYG,79,79,75,74.5,0.0,0.0,15,1
373,Tank Dell,WR,HOU,80,80,83,73.6,0.0,0.0,15,1
374,Jaylin Noel,WR,HOU,81,81,78,72.8,0.0,0.0,15,1
375,Keenan Allen,WR,LAC,82,82,95,71.9,0.0,0.0,15,1
376,Troy Franklin,WR,DEN,83,83,80,71.3,0.0,0.0,15,1
377,Tyreek Hill,WR,FA,84,84,87,71.1,0.0,0.0,15,1
378,Pat Bryant,WR,DEN,85,85,77,70.3,0.0,0.0,15,1
379,Tyquan Thornton,WR,KC,86,86,102,68.8,0.0,0.0,15,1
380,Darius Slayton,WR,NYG,87,87,97,68.0,0.0,0.0,15,1
381,Jack Bech,WR,LV,88,88,85,67.3,0.0,0.0,15,1
382,Dontayvion Wicks,WR,PHI,89,89,79,66.9,0.0,0.0,15,1
383,Chris Bell,WR,MIA,90,90,82,65.0,0.0,0.0,15,1
384,Andrei Iosivas,WR,CIN,91,91,109,64.1,0.0,0.0,15,1
385,De'Zhaun Stribling,WR,SF,92,92,84,63.8,0.0,0.0,15,1
386,Zachariah Branch,WR,ATL,93,93,86,63.4,0.0,0.0,15,1
387,Marquise Brown,WR,PHI,94,94,,62.5,0.0,0.0,15,1
388,Devaughn Vele,WR,NO,95,95,103,62.2,0.0,0.0,15,1
389,Christian Kirk,WR,SF,96,96,92,61.8,0.0,0.0,15,1
390,Tory Horton,WR,SEA,97,97,91,60.0,0.0,0.0,15,1
391,Elijah Sarratt,WR,BAL,98,98,88,58.8,0.0,0.0,15,1
392,Marvin Mims Jr.,WR,DEN,99,99,100,58.1,0.0,0.0,15,1
393,KaVontae Turpin,WR,DAL,100,100,108,57.4,0.0,0.0,15,1
394,Ja'Kobi Lane,WR,BAL,101,101,96,56.9,0.0,0.0,15,1
395,Caleb Douglas,WR,MIA,102,102,106,56.4,0.0,0.0,15,1
396,Jahan Dotson,WR,ATL,103,103,99,56.1,0.0,0.0,15,1
397,Chris Brazzell II,WR,CAR,104,104,94,55.7,0.0,0.0,15,1
398,Keon Coleman,WR,BUF,105,105,93,55.6,0.0,0.0,15,1
399,Jalen Tolbert,WR,MIA,106,106,107,54.2,0.0,0.0,15,1
400,Kendrick Bourne,WR,ARI,107,107,115,52.7,0.0,0.0,15,1
401,Chimere Dike,WR,TEN,108,108,110,51.5,0.0,0.0,15,1
402,Elic Ayomanor,WR,TEN,109,109,111,51.3,0.0,0.0,15,1
403,Ashton Dulin,WR,IND,110,110,,50.9,0.0,0.0,15,1
404,Olamide Zaccheaus,WR,ATL,111,111,118,50.1,0.0,0.0,15,1
405,Xavier Legette,WR,CAR,112,112,119,49.6,0.0,0.0,15,1
406,Hollywood Brown,WR,PHI,113,113,104,49.4,0.0,0.0,15,1
407,Malachi Fields,WR,NYG,114,114,98,47.9,0.0,0.0,15,1
408,Ted Hurst III,WR,TB,115,115,132,45.4,0.0,0.0,15,1
409,Mack Hollins,WR,NE,116,116,113,45.4,0.0,0.0,15,1
410,Tutu Atwell,WR,MIA,117,117,114,44.3,0.0,0.0,15,1
411,Josh Palmer,WR,BUF,118,118,123,44.1,0.0,0.0,15,1
412,John Metchie III,WR,CAR,119,119,,43.7,0.0,0.0,15,1
413,Skyler Bell,WR,BUF,120,120,105,43.0,0.0,0.0,15,1
414,Kyle Williams,WR,NE,121,121,101,42.6,0.0,0.0,15,1
415,DeMario Douglas,WR,NE,122,122,116,41.8,0.0,0.0,15,1
416,Brenen Thompson,WR,LAC,123,123,112,41.4,0.0,0.0,15,1
417,Dyami Brown,WR,WAS,124,124,130,41.4,0.0,0.0,15,1
418,Treylon Burks,WR,WAS,125,125,117,41.3,0.0,0.0,15,1
419,Kalif Raymond,WR,CHI,126,126,135,41.1,0.0,0.0,15,1
420,Xavier Hutchinson,WR,HOU,127,127,,40.7,0.0,0.0,15,1
421,Nick Westbrook-Ikhine,WR,IND,128,128,128,40.5,0.0,0.0,15,1
422,Savion Williams,WR,GB,129,129,125,40.3,0.0,0.0,15,1
423,Theo Wease Jr.,WR,MIA,130,130,,40.1,0.0,0.0,15,1
424,Luke McCaffrey,WR,WAS,131,131,126,38.3,0.0,0.0,15,1
425,Devontez Walker,WR,BAL,132,132,134,38.0,0.0,0.0,15,1
426,Calvin Austin III,WR,NYG,133,133,127,37.9,0.0,0.0,15,1
427,Jaylin Lane,WR,WAS,134,134,122,37.2,0.0,0.0,15,1
428,Van Jefferson,WR,WAS,135,135,,36.9,0.0,0.0,15,1
429,Curtis Samuel,WR,FA,136,136,,36.4,0.0,0.0,15,1
430,Jalen Royals,WR,KC,137,137,131,36.1,0.0,0.0,15,1
431,DeAndre Hopkins,WR,FA,138,138,137,35.7,0.0,0.0,15,1
432,Tez Johnson,WR,TB,139,139,133,35.1,0.0,0.0,15,1
433,Isaiah Bond,WR,CLE,140,140,120,34.3,0.0,0.0,15,1
434,Tyler Lockett,WR,FA,141,141,,33.4,0.0,0.0,15,1
435,Demarcus Robinson,WR,SF,142,142,,33.3,0.0,0.0,15,1
436,Jordan Whittington,WR,LAR,143,143,,33.2,0.0,0.0,15,1
437,Zavion Thomas,WR,CHI,144,144,129,33.0,0.0,0.0,15,1
438,Bryce Lance,WR,NO,145,145,121,32.6,0.0,0.0,15,1
439,Kevin Coleman Jr.,WR,MIA,146,146,138,32.2,0.0,0.0,15,1
440,Cedric Tillman,WR,CLE,147,147,136,32.1,0.0,0.0,15,1
441,Konata Mumpfield,WR,LAR,148,148,124,31.7,0.0,0.0,15,1
442,Noah Brown,WR,WAS,149,149,,30.1,0.0,0.0,15,1
443,Bub Means,WR,NO,150,150,,29.8,0.0,0.0,15,1
444,Jahdae Walker,WR,CHI,151,151,,29.4,0.0,0.0,15,1
445,Greg Dortch,WR,DET,152,152,,29.1,0.0,0.0,15,1
446,Dont'e Thornton Jr.,WR,LV,153,153,,29.0,0.0,0.0,15,1
447,Sterling Shepard,WR,FA,154,154,,28.1,0.0,0.0,15,1
448,Noah Thomas,WR,CIN,155,155,,27.3,0.0,0.0,15,1
449,Eric McAlister,WR,FA,156,156,,24.3,0.0,0.0,15,1
450,Deion Burks,WR,IND,157,157,,23.4,0.0,0.0,15,1
451,Mitch Tinsley,WR,CIN,158,158,,23.2,0.0,0.0,15,1
452,Hunter Renfrow,WR,FA,159,159,,22.3,0.0,0.0,15,1
453,Roman Wilson,WR,PIT,160,160,,22.0,0.0,0.0,15,1
454,Brandin Cooks,WR,FA,161,161,,19.6,0.0,0.0,15,1
455,Jimmy Horn Jr.,WR,CAR,162,162,,19.4,0.0,0.0,15,1
456,Xavier Smith,WR,LAR,163,163,,18.5,0.0,0.0,15,1
457,Isaiah Williams,WR,NYJ,164,164,,18.1,0.0,0.0,15,1
458,KeAndre Lambert-Smith,WR,LAC,165,165,,18.0,0.0,0.0,15,1
459,Tim Patrick,WR,NYJ,166,166,,18.0,0.0,0.0,15,1
460,Gabriel Davis,WR,BUF,167,167,,17.6,0.0,0.0,15,1
461,Cyrus Allen,WR,KC,168,168,,17.3,0.0,0.0,15,1
462,Tai Felton,WR,MIN,169,169,,17.1,0.0,0.0,15,1
463,Marquez Valdes-Scantling,WR,DAL,170,170,,17.0,0.0,0.0,15,1
464,Odell Beckham Jr.,WR,NYG,171,171,,16.5,0.0,0.0,15,1
465,Bo Melton,WR,GB,172,172,,16.1,0.0,0.0,15,1
466,Dante Pettis,WR,NO,173,173,,15.6,0.0,0.0,15,1
467,Colbie Young,WR,CIN,174,174,,15.5,0.0,0.0,15,1
468,Kevin Austin Jr.,WR,NO,175,175,,15.4,0.0,0.0,15,1
469,Zay Jones,WR,ARI,176,176,,15.2,0.0,0.0,15,1
470,JuJu Smith-Schuster,WR,NYG,177,177,,15.1,0.0,0.0,15,1
471,Tyrell Shavers,WR,BUF,178,178,,15.0,0.0,0.0,15,1
472,CJ Daniels,WR,LAR,179,179,,15.0,0.0,0.0,15,1
473,Malik Benson,WR,LV,180,180,,14.5,0.0,0.0,15,1
474,Josh Cameron,WR,JAC,181,181,,13.7,0.0,0.0,15,1
475,David Sills V,WR,TB,182,182,,13.0,0.0,0.0,15,1
476,Aaron Anderson,WR,CLE,183,183,,12.8,0.0,0.0,15,1
477,Darius Cooper,WR,PHI,184,184,,12.7,0.0,0.0,15,1
478,Ben Skowronek,WR,PIT,185,185,,12.0,0.0,0.0,15,1
479,David Moore,WR,CAR,186,186,,12.0,0.0,0.0,15,1
480,Jonathan Mingo,WR,DAL,187,187,,11.9,0.0,0.0,15,1
481,Lil'Jordan Humphrey,WR,DEN,188,188,,11.8,0.0,0.0,15,1
482,Malachi Corley,WR,CLE,189,189,,11.6,0.0,0.0,15,1
483,JP Richardson,WR,CHI,190,190,,10.9,0.0,0.0,15,1
484,Efton Chism III,WR,NE,191,191,,10.8,0.0,0.0,15,1
485,Reggie Virgil,WR,ARI,192,192,,10.7,0.0,0.0,15,1
486,Derius Davis,WR,LAC,193,193,,10.3,0.0,0.0,15,1
487,Xavier Weaver,WR,ARI,194,194,,10.0,0.0,0.0,15,1
488,Eric Rivers Jr.,WR,TB,195,195,,9.8,0.0,0.0,15,1
489,Mason Tipton,WR,NO,196,196,,9.7,0.0,0.0,15,1
490,K.J. Osborn,WR,TEN,197,197,,9.5,0.0,0.0,15,1
491,Justin Watson,WR,HOU,198,198,,9.3,0.0,0.0,15,1
492,Xavier Restrepo,WR,TEN,199,199,,8.7,0.0,0.0,15,1
493,Arian Smith,WR,NYJ,200,200,,8.4,0.0,0.0,15,1
494,Barion Brown,WR,NO,201,201,,8.3,0.0,0.0,15,1
495,Isaiah Hodgins,WR,NYG,202,202,,8.3,0.0,0.0,15,1
496,Josh Reynolds,WR,NYJ,203,203,,8.0,0.0,0.0,15,1
497,Jordan Watkins,WR,SF,204,204,,7.7,0.0,0.0,15,1
498,Anthony Gould,WR,IND,205,205,,7.0,0.0,0.0,15,1
499,Quez Watkins,WR,PHI,206,206,,6.7,0.0,0.0,15,1
500,Jalin Hyatt,WR,NYG,207,207,,6.3,0.0,0.0,15,1
501,Kaden Wetjen,WR,PIT,208,208,,6.2,0.0,0.0,15,1
502,Jeshaun Jones,WR,MIN,209,209,,6.0,0.0,0.0,15,1
503,Jordan Hudson,WR,DAL,210,210,,5.9,0.0,0.0,15,1
504,Jake Bobo,WR,SEA,211,211,,5.8,0.0,0.0,15,1
505,Tom Kennedy,WR,DET,212,212,,5.8,0.0,0.0,15,1
506,Harrison Wallace III,WR,ARI,213,213,,5.6,0.0,0.0,15,1
507,Mecole Hardman Jr.,WR,BUF,214,214,,5.5,0.0,0.0,15,1
508,Jeff Caldwell,WR,KC,215,215,,5.5,0.0,0.0,15,1
509,Ja'Lynn Polk,WR,NO,216,216,,5.3,0.0,0.0,15,1
510,J. Michael Sturdivant,WR,GB,217,217,,5.3,0.0,0.0,15,1
511,Casey Washington,WR,ATL,218,218,,5.2,0.0,0.0,15,1
512,Bryce Oliver,WR,TEN,219,219,,5.0,0.0,0.0,15,1
513,Kameron Johnson,WR,TB,220,220,,4.6,0.0,0.0,15,1
514,Jacob Cowing,WR,SF,221,221,,4.4,0.0,0.0,15,1
515,Cody White,WR,SEA,222,222,,4.2,0.0,0.0,15,1
516,Dominic Lovett,WR,DET,223,223,,4.0,0.0,0.0,15,1
517,Anthony Smith,WR,DAL,224,224,,4.0,0.0,0.0,15,1
518,Emmanuel Henderson Jr.,WR,SEA,225,225,,3.9,0.0,0.0,15,1
519,Chris Moore,WR,FA,226,226,,3.7,0.0,0.0,15,1
520,Lewis Bond,WR,HOU,227,227,,3.5,0.0,0.0,15,1
521,Elijah Moore,WR,PHI,228,228,,3.5,0.0,0.0,15,1
522,Nikko Remigio,WR,KC,229,229,,3.5,0.0,0.0,15,1
523,Johnny Wilson,WR,PHI,230,230,,3.4,0.0,0.0,15,1
524,Dane Key,WR,DEN,231,231,,3.4,0.0,0.0,15,1
525,Charlie Jones,WR,CIN,232,232,,3.3,0.0,0.0,15,1
526,Shedrick Jackson,WR,LV,233,233,,3.3,0.0,0.0,15,1
527,Trebor Pena,WR,JAC,234,234,,3.3,0.0,0.0,15,1
528,Trent Sherfield,WR,BUF,235,235,,3.2,0.0,0.0,15,1
529,Chase Roberts,WR,LV,236,236,,3.2,0.0,0.0,15,1
530,Dee Eskridge,WR,MIA,237,237,,3.2,0.0,0.0,15,1
531,Michael Bandy,WR,DEN,238,238,,3.0,0.0,0.0,15,1
532,C.J. Williams,WR,JAC,239,239,,2.9,0.0,0.0,15,1
533,Tahj Washington,WR,MIA,240,240,,2.8,0.0,0.0,15,1
534,Tylan Wallace,WR,CLE,241,241,,2.8,0.0,0.0,15,1
535,Tyler Johnson,WR,DAL,242,242,,2.7,0.0,0.0,15,1
536,Brycen Tremayne,WR,CAR,243,243,,2.4,0.0,0.0,15,1
537,Dareke Young,WR,LV,244,244,,2.4,0.0,0.0,15,1
538,Vinny Anthony II,WR,ATL,245,245,,2.2,0.0,0.0,15,1
539,Devin Duvernay,WR,ARI,246,246,,2.2,0.0,0.0,15,1
540,Jalen Brooks,WR,ARI,247,247,,2.1,0.0,0.0,15,1
541,Scotty Miller,WR,CHI,248,248,,2.1,0.0,0.0,15,1
542,Trey Palmer,WR,NO,249,249,,1.9,0.0,0.0,15,1
543,Gage Larvadain,WR,CLE,250,250,,1.7,0.0,0.0,15,1
544,Skyy Moore,WR,GB,251,251,,1.6,0.0,0.0,15,1
545,Dylan Drummond,WR,ATL,252,252,,1.5,0.0,0.0,15,1
546,Deven Thompkins,WR,BUF,253,253,,1.4,0.0,0.0,15,1
547,LaJohntay Wester,WR,BAL,254,254,,1.4,0.0,0.0,15,1
548,Mason Kinsey,WR,TEN,255,255,,1.3,0.0,0.0,15,1
549,Cedrick Wilson Jr.,WR,DET,256,256,,1.3,0.0,0.0,15,1
550,Ricky White III,WR,SEA,257,257,,1.1,0.0,0.0,15,1
551,James Proche II,WR,FA,258,258,,0.9,0.0,0.0,15,1
552,Myles Price,WR,MIN,259,259,,0.7,0.0,0.0,15,1
553,Ke'Shawn Williams,WR,CIN,260,260,,0.7,0.0,0.0,15,1
554,Simi Fehoko,WR,ARI,261,261,,0.7,0.0,0.0,15,1
555,Terrace Marshall Jr.,WR,MIA,262,262,,0.6,0.0,0.0,15,1
556,DeAndre Carter,WR,CLE,263,263,,0.4,0.0,0.0,15,1
557,Jamari Thrash,WR,CLE,264,264,,0.3,0.0,0.0,15,1
558,Beaux Collins,WR,NYG,265,265,,0.3,0.0,0.0,15,1
559,Britain Covey,WR,PHI,266,266,,0.2,0.0,0.0,15,1
560,Tim Jones,WR,JAC,267,267,,0.1,0.0,0.0,15,1
561,Parris Campbell,WR,DAL,268,268,,0.1,0.0,0.0,15,1
562,Trent Taylor,WR,SF,269,269,,0.1,0.0,0.0,15,1
563,AJ Barner,TE,SEA,24,24,24,103.2,0.0,0.0,11,1
564,Pat Freiermuth,TE,PIT,25,25,27,99.6,0.0,0.0,11,1
565,Cade Otton,TE,TB,26,26,28,95.2,0.0,0.0,11,1
566,Gunnar Helm,TE,TEN,27,27,25,95.1,0.0,0.0,11,1
567,Greg Dulcich,TE,MIA,28,28,30,91.4,0.0,0.0,11,1
568,David Njoku,TE,LAC,29,29,26,84.9,0.0,0.0,11,1
569,Mike Gesicki,TE,CIN,30,30,31,80.4,0.0,0.0,11,1
570,Terrance Ferguson,TE,LAR,31,31,29,78.6,0.0,0.0,11,1
571,Evan Engram,TE,DEN,32,32,33,76.8,0.0,0.0,11,1
572,Colby Parkinson,TE,LAR,33,33,34,74.3,0.0,0.0,11,1
573,Darnell Washington,TE,PIT,34,34,35,65.2,0.0,0.0,11,1
574,Mason Taylor,TE,NYJ,35,35,37,64.4,0.0,0.0,11,1
575,Michael Mayer,TE,LV,36,36,40,61.0,0.0,0.0,11,1
576,Eli Stowers,TE,PHI,37,37,32,58.0,0.0,0.0,11,1
577,Dawson Knox,TE,BUF,38,38,44,57.1,0.0,0.0,11,1
578,Darren Waller,TE,MIA,39,39,36,56.5,0.0,0.0,11,1
579,Theo Johnson,TE,NYG,40,40,41,56.3,0.0,0.0,11,1
580,Cole Kmet,TE,CHI,41,41,42,54.3,0.0,0.0,11,1
581,Jonnu Smith,TE,FA,42,42,48,54.2,0.0,0.0,11,1
582,Ja'Tavion Sanders,TE,CAR,43,43,38,53.9,0.0,0.0,11,1
583,Tyler Higbee,TE,LAR,44,44,43,51.4,0.0,0.0,11,1
584,Elijah Arroyo,TE,SEA,45,45,39,50.5,0.0,0.0,11,1
585,Jake Tonges,TE,SF,46,46,49,48.9,0.0,0.0,11,1
586,Noah Gray,TE,KC,47,47,46,45.8,0.0,0.0,11,1
587,Tommy Tremble,TE,CAR,48,48,,44.5,0.0,0.0,11,1
588,Josh Oliver,TE,MIN,49,49,,42.4,0.0,0.0,11,1
589,Taysom Hill,TE,NO,50,50,54,41.0,0.0,0.0,11,1
590,Noah Fant,TE,NO,51,51,53,40.7,0.0,0.0,11,1
591,Erick All Jr.,TE,CIN,52,52,51,39.3,0.0,0.0,11,1
592,Austin Hooper,TE,ATL,53,53,59,38.9,0.0,0.0,11,1
593,Eli Raridon,TE,NE,54,54,52,37.3,0.0,0.0,11,1
594,Charlie Kolar,TE,LAC,55,55,,36.2,0.0,0.0,11,1
595,Brock Wright,TE,DET,56,56,,36.0,0.0,0.0,11,1
596,Luke Musgrave,TE,GB,57,57,56,36.0,0.0,0.0,11,1
597,Max Klare,TE,LAR,58,58,45,35.8,0.0,0.0,11,1
598,Mitchell Evans,TE,CAR,59,59,55,35.1,0.0,0.0,11,1
599,Daniel Bellinger,TE,TEN,60,60,57,34.0,0.0,0.0,11,1
600,Elijah Higgins,TE,ARI,61,61,,33.2,0.0,0.0,11,1
601,Will Kacmarek,TE,MIA,62,62,,33.1,0.0,0.0,11,1
602,Adam Trautman,TE,DEN,63,63,,32.9,0.0,0.0,11,1
603,Justin Joly,TE,DEN,64,64,47,32.9,0.0,0.0,11,1
604,Oscar Delp,TE,NO,65,65,50,31.2,0.0,0.0,11,1
605,Connor Heyward,TE,LV,66,66,,29.3,0.0,0.0,11,1
606,Nate Boerkircher,TE,JAC,67,67,60,28.9,0.0,0.0,11,1
607,Ben Sinnott,TE,WAS,68,68,,28.9,0.0,0.0,11,1
608,Tanner Hudson,TE,CIN,69,69,,27.6,0.0,0.0,11,1
609,Jackson Hawes,TE,BUF,70,70,,27.1,0.0,0.0,11,1
610,Will Dissly,TE,FA,71,71,,26.7,0.0,0.0,11,1
611,Cade Stover,TE,HOU,72,72,,26.3,0.0,0.0,11,1
612,Davis Allen,TE,LAR,73,73,,26.0,0.0,0.0,11,1
613,Luke Schoonmaker,TE,DAL,74,74,,25.8,0.0,0.0,11,1
614,Drew Sample,TE,CIN,75,75,,25.6,0.0,0.0,11,1
615,Marlin Klein,TE,HOU,76,76,,25.1,0.0,0.0,11,1
616,DJ Rogers,TE,DAL,77,77,58,24.3,0.0,0.0,11,1
617,John Bates,TE,WAS,78,78,,23.8,0.0,0.0,11,1
618,Mo Alie-Cox,TE,IND,79,79,,21.9,0.0,0.0,11,1
619,Michael Trigg,TE,DAL,80,80,,21.8,0.0,0.0,11,1
620,Jack Endries,TE,CIN,81,81,,21.4,0.0,0.0,11,1
621,Jeremy Ruckert,TE,NYJ,82,82,,19.8,0.0,0.0,11,1
622,Durham Smythe,TE,BAL,83,83,,19.6,0.0,0.0,11,1
623,Foster Moreau,TE,HOU,84,84,,19.5,0.0,0.0,11,1
624,Zach Ertz,TE,FA,85,85,,19.4,0.0,0.0,11,1
625,Tanner Koziol,TE,JAC,86,86,,19.2,0.0,0.0,11,1
626,Miles Kitselman,TE,DET,87,87,,18.2,0.0,0.0,11,1
627,Brevyn Spann-Ford,TE,DAL,88,88,,18.1,0.0,0.0,11,1
628,Matt Hibner,TE,BAL,89,89,,18.0,0.0,0.0,11,1
629,Grant Calcaterra,TE,PHI,90,90,,17.5,0.0,0.0,11,1
630,Nate Adkins,TE,DEN,91,91,,16.7,0.0,0.0,11,1
631,Lance Mason,TE,SEA,92,92,,16.6,0.0,0.0,11,1
632,Sam Roush,TE,CHI,93,93,,16.0,0.0,0.0,11,1
633,Ben Sims,TE,MIA,94,94,,15.7,0.0,0.0,11,1
634,Cam Grandy,TE,CIN,95,95,,15.1,0.0,0.0,11,1
635,Ian Thomas,TE,LV,96,96,,15.1,0.0,0.0,11,1
636,Josh Whyle,TE,GB,97,97,,15.1,0.0,0.0,11,1
637,John Michael Gyllenborg,TE,KC,98,98,,14.5,0.0,0.0,11,1
638,Luke Farrell,TE,SF,99,99,,14.4,0.0,0.0,11,1
639,Riley Nowakowski,TE,PIT,100,100,,14.1,0.0,0.0,11,1
640,Keleki Latu,TE,BUF,101,101,,14.1,0.0,0.0,11,1
641,Charlie Woerner,TE,ATL,102,102,,14.0,0.0,0.0,11,1
642,Tip Reiman,TE,ARI,103,103,,13.9,0.0,0.0,11,1
643,Nick Vannett,TE,LAR,104,104,,13.9,0.0,0.0,11,1
644,Tyler Conklin,TE,DET,105,105,,13.4,0.0,0.0,11,1
645,Payne Durham,TE,TB,106,106,,13.2,0.0,0.0,11,1
646,Hunter Long,TE,JAC,107,107,,12.8,0.0,0.0,11,1
647,Will Mallory,TE,IND,108,108,,12.7,0.0,0.0,11,1
648,Drew Ogletree,TE,IND,109,109,,12.6,0.0,0.0,11,1
649,Joe Royer,TE,CLE,110,110,,12.3,0.0,0.0,11,1
650,Thomas Fidone II,TE,NYG,111,111,,12.2,0.0,0.0,11,1
651,Seydou Traore,TE,MIA,112,112,,12.0,0.0,0.0,11,1
652,Hayden Rucci,TE,SF,113,113,,11.9,0.0,0.0,11,1
653,Rivaldo Fairweather,TE,ARI,114,114,,11.4,0.0,0.0,11,1
654,Devin Culp,TE,TB,115,115,,11.2,0.0,0.0,11,1
655,Brenden Bates,TE,CLE,116,116,,11.0,0.0,0.0,11,1
656,Stone Smartt,TE,PHI,117,117,,10.8,0.0,0.0,11,1
657,Donald Parham Jr.,TE,PIT,118,118,,10.8,0.0,0.0,11,1
658,Jaren Kanak,TE,TEN,119,119,,10.8,0.0,0.0,11,1
659,James Mitchell,TE,CAR,120,120,,10.2,0.0,0.0,11,1
660,Jared Wiley,TE,KC,121,121,,9.8,0.0,0.0,11,1
661,Lucas Krull,TE,DEN,122,122,,9.8,0.0,0.0,11,1
662,Travis Vokolek,TE,ARI,123,123,,9.4,0.0,0.0,11,1
663,John FitzPatrick,TE,GB,124,124,,9.1,0.0,0.0,11,1
664,Josh Cuevas,TE,BAL,125,125,,8.9,0.0,0.0,11,1
665,Dallen Bentley,TE,DEN,126,126,,8.8,0.0,0.0,11,1
666,Jack Stoll,TE,CLE,127,127,,8.6,0.0,0.0,11,1
667,Eric Saubert,TE,SEA,128,128,,8.6,0.0,0.0,11,1
668,Zaire Mitchell-Paden,TE,NO,129,129,,7.7,0.0,0.0,11,1
669,Blake Whiteheart,TE,CLE,130,130,,7.6,0.0,0.0,11,1
670,Tanner McLachlan,TE,LAC,131,131,,7.5,0.0,0.0,11,1
671,Tanner Conner,TE,NYG,132,132,,7.4,0.0,0.0,11,1
672,Tucker Fisk,TE,FA,133,133,,7.1,0.0,0.0,11,1
673,Kylen Granson,TE,TEN,134,134,,6.9,0.0,0.0,11,1
674,Bauer Sharp,TE,TB,135,135,,6.8,0.0,0.0,11,1
675,Robert Tonyan,TE,PIT,136,136,,6.8,0.0,0.0,11,1
676,David Martin-Robinson,TE,TEN,137,137,,6.0,0.0,0.0,11,1
677,Teagan Quitoriano,TE,ARI,138,138,,5.7,0.0,0.0,11,1
678,Julian Hill,TE,NE,139,139,,5.6,0.0,0.0,11,1
679,Ben Yurosek,TE,MIN,140,140,,5.3,0.0,0.0,11,1
680,RJ Maryland,TE,GB,141,141,,5.2,0.0,0.0,11,1
681,Johnny Mundt,TE,PHI,142,142,,4.8,0.0,0.0,11,1
682,CJ Dippre,TE,NE,143,143,,4.6,0.0,0.0,11,1
683,Chris Manhertz,TE,NYG,144,144,,4.5,0.0,0.0,11,1
684,Dre Miller,TE,GB,145,145,,3.4,0.0,0.0,11,1
685,Cole Turner,TE,MIA,146,146,,3.2,0.0,0.0,11,1
686,Moliki Matavao,TE,NO,147,147,,3.2,0.0,0.0,11,1
687,Carsen Ryan,TE,CLE,148,148,,3.1,0.0,0.0,11,1
688,Jack Velling,TE,ATL,149,149,,3.0,0.0,0.0,11,1
689,Max Bredeson,TE,MIN,150,150,,2.8,0.0,0.0,11,1
690,Jake Briningstool,TE,KC,151,151,,2.4,0.0,0.0,11,1
691,Quintin Morris,TE,JAC,152,152,,2.3,0.0,0.0,11,1
692,Harrison Bryant,TE,SEA,153,153,,2.3,0.0,0.0,11,1
693,Cameron Latu,TE,PHI,154,154,,1.9,0.0,0.0,11,1
694,Shane Zylstra,TE,BUF,155,155,,1.8,0.0,0.0,11,1
695,Brevin Jordan,TE,HOU,156,156,,1.4,0.0,0.0,11,1
696,Jaheim Bell,TE,PIT,157,157,,1.2,0.0,0.0,11,1
697,Tyree Jackson,TE,WAS,158,158,,1.0,0.0,0.0,11,1
698,Carter Runyon,TE,LV,159,159,,0.7,0.0,0.0,11,1
699,Feleipe Franks,TE,CAR,160,160,,0.7,0.0,0.0,11,1
700,Jelani Woods,TE,NYJ,161,161,,0.5,0.0,0.0,11,1
701,Ko Kieft,TE,TB,162,162,,0.4,0.0,0.0,11,1
702,Pharaoh Brown,TE,FA,163,163,,0.4,0.0,0.0,11,1
703,Colson Yankoff,TE,WAS,164,164,,0.2,0.0,0.0,11,1
704,Jack Westover,TE,NE,165,165,,0.1,0.0,0.0,11,1
