player_id,player,team,pos,season,week,snaps,snaps_pct,rush_att,rush_att_pct,inside5_rush,inside5_rush_pct,routes,routes_pct,targets,targets_pct,rec,ez_tgts,ez_tgts_pct,adot,air_yards_total,team_snaps,team_rush_att,team_inside5_rush,team_targets,team_ez_tgts,team_routes
00-0039424,Devaughn Vele,NO,WR,2026,1,82,91.0,0,0.0,0,0.0,58,92.1,9,17.0,7,1,25.0,7.0,63.0,90,25,0,53,4,63
00-0037239,Chris Olave,NO,WR,2026,1,77,86.0,0,0.0,0,0.0,55,87.3,13,24.5,10,0,0.0,18.0,234.0,90,25,0,53,4,63
00-0036040,Juwan Johnson,NO,TE,2026,1,76,84.0,0,0.0,0,0.0,51,81.0,7,13.2,3,2,50.0,11.0,77.0,90,25,0,53,4,63
00-0036963,Amon-Ra St. Brown,DET,WR,2026,1,69,90.0,0,0.0,0,0.0,39,95.1,14,35.9,10,0,0.0,5.0,70.0,77,33,5,39,1,41
00-0040126,Colston Loveland,CHI,TE,2026,1,65,87.0,0,0.0,0,0.0,34,89.5,2,7.7,0,1,33.3,15.0,30.0,75,39,4,26,3,38
00-0037240,Jameson Williams,DET,WR,2026,1,65,84.0,0,0.0,0,0.0,39,95.1,9,23.1,4,0,0.0,14.1,127.0,77,33,5,39,1,41
00-0035640,DK Metcalf,PIT,WR,2026,1,64,96.0,0,0.0,0,0.0,42,100.0,10,27.0,4,1,33.3,20.4,204.0,67,21,0,37,3,42
00-0038559,Michael Wilson,ARI,WR,2026,1,64,85.0,0,0.0,0,0.0,36,92.3,7,18.9,5,0,0.0,11.9,83.0,75,34,2,37,1,39
00-0041067,Bryce Lance,NO,WR,2026,1,62,69.0,0,0.0,0,0.0,45,71.4,5,9.4,3,0,0.0,8.0,40.0,90,25,0,53,4,63
00-0039065,Sam LaPorta,DET,TE,2026,1,62,81.0,0,0.0,0,0.0,34,82.9,8,20.5,5,1,100.0,0.9,7.0,77,33,5,39,1,41
00-0035659,Terry McLaurin,WAS,WR,2026,1,61,87.0,0,0.0,0,0.0,35,92.1,4,13.3,2,0,0.0,5.5,22.0,70,32,2,30,1,38
00-0037744,Trey McBride,ARI,TE,2026,1,60,80.0,0,0.0,0,0.0,34,87.2,13,35.1,9,1,100.0,6.8,89.0,75,34,2,37,1,39
00-0036875,Rhamondre Stevenson,NE,RB,2026,1,60,85.0,18,58.1,0,0.0,29,69.0,6,19.4,5,0,0.0,-1.0,-6.0,71,31,0,31,2,42
00-0036322,Justin Jefferson,MIN,WR,2026,1,60,92.0,0,0.0,0,0.0,30,100.0,10,41.7,8,1,50.0,8.0,80.0,65,34,2,24,2,30
00-0036900,Ja'Marr Chase,CIN,WR,2026,1,60,94.0,0,0.0,0,0.0,36,97.3,4,11.8,2,0,0.0,8.5,34.0,64,27,3,34,1,37
00-0039849,Marvin Harrison Jr.,ARI,WR,2026,1,59,79.0,0,0.0,0,0.0,34,87.2,3,8.1,1,0,0.0,23.7,71.0,75,34,2,37,1,39
00-0037238,Drake London,ATL,WR,2026,1,59,98.0,1,3.2,0,0.0,25,96.2,4,21.1,2,0,0.0,5.5,22.0,60,31,0,19,0,26
00-0036252,Michael Pittman,PIT,WR,2026,1,59,88.0,0,0.0,0,0.0,39,92.9,3,8.1,3,0,0.0,11.0,33.0,67,21,0,37,3,42
00-0039491,Jalen Coker,CAR,WR,2026,1,57,84.0,0,0.0,0,0.0,40,93.0,9,26.5,8,0,0.0,13.8,124.0,68,22,1,34,2,43
00-0039139,Jahmyr Gibbs,DET,RB,2026,1,57,74.0,29,87.9,5,100.0,17,41.5,5,12.8,5,0,0.0,-0.8,-4.0,77,33,5,39,1,41
00-0036554,Nico Collins,HOU,WR,2026,1,57,72.0,1,3.1,0,0.0,37,88.1,10,27.0,7,1,100.0,12.0,120.0,79,32,3,37,1,42
00-0039067,Rashee Rice,KC,WR,2026,1,57,83.0,0,0.0,0,0.0,30,90.9,2,8.0,2,0,0.0,3.0,6.0,69,38,1,25,0,33
00-0038129,Cade Otton,TB,TE,2026,1,56,98.0,0,0.0,0,0.0,31,86.1,5,18.5,3,0,0.0,6.4,32.0,57,20,0,27,1,36
00-0040667,Matthew Golden,GB,WR,2026,1,56,82.0,0,0.0,0,0.0,40,87.0,12,30.0,6,2,50.0,11.4,137.0,68,21,0,40,4,46
00-0040124,Tetairoa McMillan,CAR,WR,2026,1,56,82.0,0,0.0,0,0.0,39,90.7,8,23.5,5,0,0.0,14.9,119.0,68,22,1,34,2,43
00-0040735,Luther Burden III,CHI,WR,2026,1,55,73.0,1,2.6,0,0.0,27,71.1,5,19.2,5,0,0.0,7.2,36.0,75,39,4,26,3,38
00-0039880,Malik Washington,MIA,WR,2026,1,55,98.0,0,0.0,0,0.0,37,100.0,8,29.6,3,0,0.0,16.9,135.0,56,18,0,27,0,37
00-0039066,Michael Mayer,LV,TE,2026,1,55,81.0,0,0.0,0,0.0,24,77.4,7,24.1,6,1,100.0,4.0,28.0,68,37,0,29,1,31
00-0038994,Jordan Addison,MIN,WR,2026,1,54,83.0,0,0.0,0,0.0,28,93.3,2,8.3,0,0,0.0,13.5,27.0,65,34,2,24,2,30
00-0033090,Hunter Henry,NE,TE,2026,1,54,76.0,0,0.0,0,0.0,25,59.5,3,9.7,3,0,0.0,4.0,12.0,71,31,0,31,2,42
00-0036550,Rashod Bateman,BAL,WR,2026,1,53,78.0,0,0.0,0,0.0,27,90.0,1,4.2,0,0,0.0,23.0,23.0,68,37,3,24,1,30
00-0039894,Xavier Worthy,KC,WR,2026,1,53,77.0,0,0.0,0,0.0,30,90.9,6,24.0,3,0,0.0,7.0,42.0,69,38,1,25,0,33
00-0036973,Travis Etienne,NO,RB,2026,1,53,59.0,9,36.0,0,0.0,24,38.1,9,17.0,7,0,0.0,-0.2,-2.0,90,25,0,53,4,63
00-0036912,DeVonta Smith,PHI,WR,2026,1,52,95.0,0,0.0,0,0.0,33,97.1,6,27.3,3,0,0.0,13.2,79.0,55,25,0,22,2,34
00-0038124,Christian Watson,GB,WR,2026,1,52,76.0,0,0.0,0,0.0,38,82.6,8,20.0,6,1,25.0,15.9,127.0,68,21,0,40,4,46
00-0040669,Isaac TeSlaa,DET,WR,2026,1,52,68.0,0,0.0,0,0.0,32,78.0,1,2.6,0,0,0.0,3.0,3.0,77,33,5,39,1,41
00-0034351,Dallas Goedert,PHI,TE,2026,1,52,95.0,0,0.0,0,0.0,27,79.4,5,22.7,4,1,50.0,10.4,52.0,55,25,0,22,2,34
00-0034383,Dalton Schultz,HOU,TE,2026,1,52,66.0,0,0.0,0,0.0,32,76.2,8,21.6,4,0,0.0,3.2,26.0,79,32,3,37,1,42
00-0041523,Caleb Douglas,MIA,WR,2026,1,51,91.0,0,0.0,0,0.0,32,86.5,7,25.9,5,0,0.0,13.9,97.0,56,18,0,27,0,37
00-0041042,Malachi Fields,NYG,WR,2026,1,50,72.0,0,0.0,0,0.0,21,61.8,4,13.8,2,0,0.0,17.8,71.0,69,37,2,29,1,34
00-0040122,Ashton Jeanty,LV,RB,2026,1,50,74.0,23,62.2,0,0.0,19,61.3,6,20.7,6,0,0.0,3.0,18.0,68,37,0,29,1,31
00-0038393,Dontayvion Wicks,PHI,WR,2026,1,50,91.0,0,0.0,0,0.0,31,91.2,4,18.2,2,1,50.0,19.8,79.0,55,25,0,22,2,34
00-0040128,Tyler Warren,IND,TE,2026,1,50,93.0,0,0.0,0,0.0,30,88.2,5,17.2,3,0,0.0,4.6,23.0,54,20,3,29,0,34
00-0033555,Mack Hollins,NE,WR,2026,1,50,70.0,0,0.0,0,0.0,25,59.5,5,16.1,4,1,50.0,12.4,62.0,71,31,0,31,2,42
00-0037740,Garrett Wilson,NYJ,WR,2026,1,50,75.0,0,0.0,0,0.0,21,80.8,7,30.4,6,0,0.0,11.0,77.0,67,39,3,23,0,26
00-0033307,Kendrick Bourne,ARI,WR,2026,1,50,67.0,0,0.0,0,0.0,30,76.9,8,21.6,8,0,0.0,5.0,40.0,75,34,2,37,1,39
00-0033921,Chris Godwin Jr.,TB,WR,2026,1,49,86.0,1,5.0,0,0.0,32,88.9,4,14.8,4,0,0.0,0.8,3.0,57,20,0,27,1,36
00-0040129,Emeka Egbuka,TB,WR,2026,1,49,86.0,0,0.0,0,0.0,32,88.9,6,22.2,5,0,0.0,14.0,84.0,57,20,0,27,1,36
00-0037247,George Pickens,DAL,WR,2026,1,49,84.0,0,0.0,0,0.0,32,88.9,6,20.0,3,0,0.0,17.3,104.0,58,18,3,30,1,36
00-0030506,Travis Kelce,KC,TE,2026,1,49,71.0,0,0.0,0,0.0,26,78.8,5,20.0,3,0,0.0,5.8,29.0,69,38,1,25,0,33
00-0034753,Mark Andrews,BAL,TE,2026,1,49,72.0,0,0.0,0,0.0,23,76.7,6,25.0,4,0,0.0,7.3,44.0,68,37,3,24,1,30
00-0036894,Pat Freiermuth,PIT,TE,2026,1,49,73.0,0,0.0,0,0.0,31,73.8,5,13.5,5,1,33.3,4.2,21.0,67,21,0,37,3,42
00-0031408,Mike Evans,SF,WR,2026,1,49,75.0,0,0.0,0,0.0,26,72.2,7,20.6,6,1,25.0,7.9,55.0,65,30,0,34,4,36
00-0036223,Jonathan Taylor,IND,RB,2026,1,48,89.0,19,95.0,3,100.0,20,58.8,4,13.8,3,0,0.0,0.0,0.0,54,20,3,29,0,34
00-0039040,De'Von Achane,MIA,RB,2026,1,48,86.0,11,61.1,0,0.0,29,78.4,5,18.5,4,0,0.0,0.8,4.0,56,18,0,27,0,37
00-0038563,Tre Tucker,LV,WR,2026,1,48,71.0,0,0.0,0,0.0,27,87.1,4,13.8,2,0,0.0,12.5,50.0,68,37,0,29,1,31
00-0038997,Josh Downs,IND,WR,2026,1,48,89.0,0,0.0,0,0.0,32,94.1,4,13.8,2,0,0.0,9.0,36.0,54,20,3,29,0,34
00-0036555,Chuba Hubbard,CAR,RB,2026,1,48,71.0,10,45.5,1,100.0,25,58.1,3,8.8,3,1,50.0,0.0,0.0,68,22,1,34,2,43
00-0038104,Tyquan Thornton,KC,WR,2026,1,47,68.0,0,0.0,0,0.0,24,72.7,1,4.0,0,0,0.0,36.0,36.0,69,38,1,25,0,33
00-0036358,CeeDee Lamb,DAL,WR,2026,1,47,81.0,1,5.6,0,0.0,29,80.6,8,26.7,5,1,100.0,11.2,90.0,58,18,3,30,1,36
00-0041037,Denzel Boston,CLE,WR,2026,1,47,92.0,0,0.0,0,0.0,30,96.8,4,18.2,2,1,100.0,28.5,114.0,51,22,1,22,1,31
00-0036244,Colby Parkinson,LA,TE,2026,1,47,77.0,0,0.0,0,0.0,18,62.1,2,7.4,1,0,0.0,4.5,9.0,61,29,3,27,0,29
00-0038134,Kenneth Walker III,KC,RB,2026,1,47,68.0,23,60.5,1,100.0,15,45.5,6,24.0,3,0,0.0,-0.3,-2.0,69,38,1,25,0,33
00-0036887,Luke Farrell,SF,TE,2026,1,46,71.0,0,0.0,0,0.0,19,52.8,2,5.9,2,0,0.0,1.5,3.0,65,30,0,34,4,36
00-0038597,Chase Brown,CIN,RB,2026,1,46,72.0,16,59.3,3,100.0,20,54.1,6,17.6,5,0,0.0,-2.0,-12.0,64,27,3,34,1,37
00-0038542,Bijan Robinson,ATL,RB,2026,1,46,77.0,21,67.7,0,0.0,21,80.8,10,52.6,8,0,0.0,-3.0,-30.0,60,31,0,19,0,26
00-0039890,Adonai Mitchell,NYJ,WR,2026,1,46,69.0,0,0.0,0,0.0,21,80.8,3,13.0,3,0,0.0,19.7,59.0,67,39,3,23,0,26
00-0036410,Tee Higgins,CIN,WR,2026,1,46,72.0,0,0.0,0,0.0,31,83.8,6,17.6,3,0,0.0,19.5,117.0,64,27,3,34,1,37
00-0038543,Jaxon Smith-Njigba,SEA,WR,2026,1,45,90.0,0,0.0,0,0.0,26,96.3,11,45.8,8,1,100.0,6.9,76.0,50,22,0,24,1,27
00-0038996,Tucker Kraft,GB,TE,2026,1,45,66.0,0,0.0,0,0.0,22,47.8,6,15.0,3,0,0.0,13.7,82.0,68,21,0,40,4,46
00-0032464,Kalif Raymond,CHI,WR,2026,1,45,60.0,0,0.0,0,0.0,22,57.9,9,34.6,8,0,0.0,7.2,65.0,75,39,4,26,3,38
00-0031588,Stefon Diggs,WAS,WR,2026,1,44,63.0,0,0.0,0,0.0,25,65.8,9,30.0,4,0,0.0,9.2,83.0,70,32,2,30,1,38
00-0037263,Tyler Allgeier,ARI,RB,2026,1,44,59.0,17,50.0,1,50.0,14,35.9,2,5.4,2,0,0.0,-2.5,-5.0,75,34,2,37,1,39
00-0038621,DeMario Douglas,NE,WR,2026,1,44,62.0,0,0.0,0,0.0,33,78.6,7,22.6,5,0,0.0,6.3,44.0,71,31,0,31,2,42
00-0038618,Xavier Hutchinson,HOU,WR,2026,1,44,56.0,0,0.0,0,0.0,29,69.0,6,16.2,3,0,0.0,9.5,57.0,79,32,3,37,1,42
00-0034827,DJ Moore,BUF,WR,2026,1,44,76.0,0,0.0,0,0.0,26,81.2,8,27.6,5,0,0.0,19.8,158.0,58,21,1,29,2,32
00-0040736,Mason Taylor,NYJ,TE,2026,1,44,66.0,0,0.0,0,0.0,16,61.5,3,13.0,2,0,0.0,0.3,1.0,67,39,3,23,0,26
00-0038041,Jake Ferguson,DAL,TE,2026,1,44,76.0,0,0.0,0,0.0,27,75.0,2,6.7,2,0,0.0,3.0,6.0,58,18,3,30,1,36
00-0039793,AJ Barner,SEA,TE,2026,1,44,88.0,0,0.0,0,0.0,19,70.4,2,8.3,2,0,0.0,-0.5,-1.0,50,22,0,24,1,27
00-0041438,Carnell Tate,TEN,WR,2026,1,44,88.0,0,0.0,0,0.0,36,92.3,6,21.4,4,0,0.0,11.2,67.0,50,14,0,28,2,39
00-0039075,Puka Nacua,LA,WR,2026,1,43,70.0,0,0.0,0,0.0,20,69.0,9,33.3,5,0,0.0,12.8,115.0,61,29,3,27,0,29
00-0038544,Quentin Johnston,LAC,WR,2026,1,43,78.0,0,0.0,0,0.0,27,77.1,6,22.2,2,0,0.0,6.5,39.0,55,21,0,27,1,35
00-0035229,T.J. Hockenson,MIN,TE,2026,1,43,66.0,0,0.0,0,0.0,23,76.7,5,20.8,4,1,50.0,3.4,17.0,65,34,2,24,2,30
00-0038558,Darnell Washington,PIT,TE,2026,1,43,64.0,0,0.0,0,0.0,16,38.1,2,5.4,2,0,0.0,3.0,6.0,67,21,0,37,3,42
00-0041048,Ted Hurst III,TB,WR,2026,1,43,75.0,0,0.0,0,0.0,30,83.3,3,11.1,3,0,0.0,11.3,34.0,57,20,0,27,1,36
00-0037252,Greg Dulcich,MIA,TE,2026,1,43,77.0,0,0.0,0,0.0,28,75.7,2,7.4,2,0,0.0,0.5,1.0,56,18,0,27,0,37
00-0036290,Cole Kmet,CHI,TE,2026,1,43,57.0,0,0.0,0,0.0,19,50.0,3,11.5,2,1,33.3,15.7,47.0,75,39,4,26,3,38
00-0036275,D'Andre Swift,CHI,RB,2026,1,43,57.0,18,46.2,3,75.0,9,23.7,1,3.8,1,0,0.0,4.0,4.0,75,39,4,26,3,38
00-0040715,Cam Skattebo,NYG,RB,2026,1,42,61.0,18,48.6,2,100.0,13,38.2,0,0.0,0,0,0.0,0.0,0.0,69,37,2,29,1,34
00-0037248,James Cook,BUF,RB,2026,1,42,72.0,13,61.9,0,0.0,16,50.0,4,13.8,3,0,0.0,-1.0,-4.0,58,21,1,29,2,32
00-0034798,Durham Smythe,BAL,TE,2026,1,42,62.0,0,0.0,0,0.0,9,30.0,1,4.2,1,0,0.0,4.0,4.0,68,37,3,24,1,30
00-0040663,Harold Fannin Jr.,CLE,TE,2026,1,42,82.0,0,0.0,0,0.0,24,77.4,3,13.6,2,0,0.0,3.3,10.0,51,22,1,22,1,31
00-0035249,Josh Oliver,MIN,TE,2026,1,42,65.0,0,0.0,0,0.0,9,30.0,4,16.7,2,0,0.0,3.2,13.0,65,34,2,24,2,30
00-0035631,Drew Sample,CIN,TE,2026,1,42,66.0,0,0.0,0,0.0,13,35.1,3,8.8,3,0,0.0,0.0,0.0,64,27,3,34,1,37
00-0038933,Dalton Kincaid,BUF,TE,2026,1,42,72.0,0,0.0,0,0.0,22,68.8,6,20.7,5,0,0.0,16.3,98.0,58,21,1,29,2,32
00-0032775,Demarcus Robinson,SF,WR,2026,1,41,63.0,0,0.0,0,0.0,21,58.3,3,8.8,2,2,50.0,15.0,45.0,65,30,0,34,4,36
00-0036997,Javonte Williams,DAL,RB,2026,1,41,71.0,12,66.7,3,100.0,20,55.6,5,16.7,5,0,0.0,-2.2,-11.0,58,18,3,30,1,36
00-0038117,Wan'Dale Robinson,TEN,WR,2026,1,41,82.0,0,0.0,0,0.0,34,87.2,6,21.4,5,0,0.0,3.8,23.0,50,14,0,28,2,39
00-0040727,Tre Harris,LAC,WR,2026,1,41,75.0,0,0.0,0,0.0,27,77.1,6,22.2,3,0,0.0,7.8,47.0,55,21,0,27,1,35
00-0039410,Ryan Flournoy,DAL,WR,2026,1,41,71.0,0,0.0,0,0.0,26,72.2,4,13.3,2,0,0.0,5.8,23.0,58,18,3,30,1,36
00-0037291,Jalen Nailor,LV,WR,2026,1,41,60.0,0,0.0,0,0.0,19,61.3,5,17.2,3,0,0.0,12.8,64.0,68,37,0,29,1,31
00-0037816,Romeo Doubs,NE,WR,2026,1,40,56.0,0,0.0,0,0.0,32,76.2,3,9.7,0,0,0.0,25.0,75.0,71,31,0,31,2,42
00-0040583,Woody Marks,HOU,RB,2026,1,40,51.0,9,28.1,0,0.0,14,33.3,1,2.7,1,0,0.0,-2.0,-2.0,79,32,3,37,1,42
00-0039451,Isaiah Williams,NYJ,WR,2026,1,40,60.0,0,0.0,0,0.0,19,73.1,1,4.3,1,0,0.0,7.0,7.0,67,39,3,23,0,26
00-0035685,David Montgomery,HOU,RB,2026,1,39,49.0,20,62.5,3,100.0,14,33.3,3,8.1,3,0,0.0,1.7,5.0,79,32,3,37,1,42
00-0036754,Brock Wright,DET,TE,2026,1,39,51.0,0,0.0,0,0.0,7,17.1,1,2.6,1,0,0.0,2.0,2.0,77,33,5,39,1,41
00-0038935,Brenton Strange,JAC,TE,2026,1,39,68.0,0,0.0,0,0.0,16,64.0,3,14.3,2,1,33.3,11.3,34.0,57,32,0,21,3,25
00-0035689,Dawson Knox,BUF,TE,2026,1,39,67.0,0,0.0,0,0.0,12,37.5,1,3.4,1,0,0.0,2.0,2.0,58,21,1,29,2,32
00-0033908,Cooper Kupp,SEA,WR,2026,1,39,78.0,0,0.0,0,0.0,21,77.8,3,12.5,2,0,0.0,16.3,49.0,50,22,0,24,1,27
00-0037840,Kyren Williams,LA,RB,2026,1,39,64.0,11,37.9,2,66.7,20,69.0,3,11.1,3,0,0.0,2.3,7.0,61,29,3,27,0,29
00-0037809,Chig Okonkwo,WAS,TE,2026,1,39,56.0,0,0.0,0,0.0,22,57.9,3,10.0,2,0,0.0,13.0,39.0,70,32,2,30,1,38
00-0034348,Courtland Sutton,DEN,WR,2026,1,39,76.0,0,0.0,0,0.0,29,87.9,5,18.5,2,0,0.0,8.0,40.0,51,15,0,27,1,33
00-0034844,Saquon Barkley,PHI,RB,2026,1,39,71.0,15,60.0,0,0.0,10,29.4,2,9.1,1,0,0.0,-0.5,-1.0,55,25,0,22,2,34
00-0038619,Andrei Iosivas,CIN,WR,2026,1,39,61.0,0,0.0,0,0.0,26,70.3,3,8.8,2,0,0.0,5.0,15.0,64,27,3,34,1,37
00-0036309,Darnell Mooney,NYG,WR,2026,1,39,57.0,0,0.0,0,0.0,26,76.5,2,6.9,2,0,0.0,12.5,25.0,69,37,2,29,1,34
00-0039146,Jayden Reed,GB,WR,2026,1,39,57.0,0,0.0,0,0.0,29,63.0,7,17.5,3,0,0.0,7.1,50.0,68,21,0,40,4,46
00-0038120,Breece Hall,NYJ,RB,2026,1,39,58.0,22,56.4,2,66.7,8,30.8,2,8.7,2,0,0.0,1.5,3.0,67,39,3,23,0,26
00-0036139,Rico Dowdle,PIT,RB,2026,1,39,58.0,8,38.1,0,0.0,21,50.0,5,13.5,2,0,0.0,0.8,4.0,67,21,0,37,3,42
00-0036970,Kyle Pitts,ATL,TE,2026,1,38,63.0,0,0.0,0,0.0,21,80.8,1,5.3,0,0,0.0,26.0,26.0,60,31,0,19,0,26
00-0040584,Gunnar Helm,TEN,TE,2026,1,38,76.0,0,0.0,0,0.0,22,56.4,5,17.9,4,1,50.0,3.4,17.0,50,14,0,28,2,39
00-0036613,Jaylen Waddle,DEN,WR,2026,1,38,75.0,0,0.0,0,0.0,27,81.8,3,11.1,1,0,0.0,4.3,13.0,51,15,0,27,1,33
00-0041395,Eli Raridon,NE,TE,2026,1,38,54.0,0,0.0,0,0.0,10,23.8,1,3.2,1,1,50.0,2.0,2.0,71,31,0,31,2,42
00-0036637,Noah Gray,KC,TE,2026,1,38,55.0,0,0.0,0,0.0,11,33.3,1,4.0,1,0,0.0,5.0,5.0,69,38,1,25,0,33
00-0037741,Jahan Dotson,ATL,WR,2026,1,38,63.0,0,0.0,0,0.0,19,73.1,3,15.8,1,0,0.0,17.3,52.0,60,31,0,19,0,26
00-0041503,Nate Boerkircher,JAC,TE,2026,1,38,67.0,0,0.0,0,0.0,10,40.0,1,4.8,1,0,0.0,2.0,2.0,57,32,0,21,3,25
00-0037005,Tommy Tremble,CAR,TE,2026,1,38,56.0,0,0.0,0,0.0,18,41.9,5,14.7,3,0,0.0,4.6,23.0,68,22,1,34,2,43
00-0038685,Chris Brooks,GB,RB,2026,1,38,56.0,7,33.3,0,0.0,10,21.7,1,2.5,0,0,0.0,-6.0,-6.0,68,21,0,40,4,46
00-0036429,Charlie Woerner,ATL,TE,2026,1,37,62.0,0,0.0,0,0.0,10,38.5,0,0.0,0,0,0.0,0.0,0.0,60,31,0,19,0,26
00-0035644,Noah Fant,NO,TE,2026,1,37,41.0,0,0.0,0,0.0,18,28.6,8,15.1,4,1,25.0,6.0,48.0,90,25,0,53,4,63
00-0036626,Dyami Brown,WAS,WR,2026,1,37,53.0,0,0.0,0,0.0,23,60.5,2,6.7,0,0,0.0,32.0,64.0,70,32,2,30,1,38
00-0039739,Roman Wilson,PIT,WR,2026,1,37,55.0,0,0.0,0,0.0,27,64.3,6,16.2,3,1,33.3,21.0,126.0,67,21,0,37,3,42
00-0034960,Jakobi Meyers,JAC,WR,2026,1,37,65.0,1,3.1,0,0.0,20,80.0,2,9.5,2,1,33.3,14.5,29.0,57,32,0,21,3,25
00-0032764,Derrick Henry,BAL,RB,2026,1,37,54.0,24,64.9,2,66.7,5,16.7,1,4.2,1,0,0.0,-1.0,-1.0,68,37,3,24,1,30
00-0039337,Malik Nabers,NYG,WR,2026,1,36,52.0,0,0.0,0,0.0,24,70.6,9,31.0,6,0,0.0,11.4,103.0,69,37,2,29,1,34
00-0039919,Rome Odunze,CHI,WR,2026,1,36,48.0,0,0.0,0,0.0,22,57.9,3,11.5,2,0,0.0,30.0,90.0,75,39,4,26,3,38
00-0039342,Xavier Legette,CAR,WR,2026,1,36,53.0,0,0.0,0,0.0,27,62.8,2,5.9,0,0,0.0,10.0,20.0,68,22,1,34,2,43
00-0038608,Kayshon Boutte,HOU,WR,2026,1,36,46.0,0,0.0,0,0.0,27,64.3,2,5.4,1,0,0.0,16.0,32.0,79,32,3,37,1,42
00-0033280,Christian McCaffrey,SF,RB,2026,1,36,55.0,10,33.3,0,0.0,21,58.3,8,23.5,5,0,0.0,-0.4,-3.0,65,30,0,34,4,36
00-0030279,Keenan Allen,IND,WR,2026,1,36,67.0,0,0.0,0,0.0,26,76.5,6,20.7,6,0,0.0,3.7,22.0,54,20,3,29,0,34
00-0040867,Makai Lemon,PHI,WR,2026,1,35,64.0,0,0.0,0,0.0,29,85.3,4,18.2,3,0,0.0,0.0,0.0,55,25,0,22,2,34
00-0038606,Parker Washington,JAC,WR,2026,1,35,61.0,0,0.0,0,0.0,18,72.0,6,28.6,5,0,0.0,17.0,102.0,57,32,0,21,3,25
00-0041547,KC Concepcion,CLE,WR,2026,1,35,69.0,3,13.6,0,0.0,20,64.5,5,22.7,4,0,0.0,12.6,63.0,51,22,1,22,1,31
00-0034981,Foster Moreau,HOU,TE,2026,1,35,44.0,0,0.0,0,0.0,9,21.4,2,5.4,2,0,0.0,3.5,7.0,79,32,3,37,1,42
00-0039361,Bucky Irving,TB,RB,2026,1,35,61.0,8,40.0,0,0.0,21,58.3,7,25.9,7,0,0.0,-3.6,-25.0,57,20,0,27,1,36
00-0036628,John Bates,WAS,TE,2026,1,34,49.0,0,0.0,0,0.0,10,26.3,4,13.3,2,0,0.0,1.5,6.0,70,32,2,30,1,38
00-0040277,Jahdae Walker,CHI,WR,2026,1,34,45.0,0,0.0,0,0.0,16,42.1,1,3.8,1,1,33.3,1.0,1.0,75,39,4,26,3,38
00-0040242,Jacory Croskey-Merritt,WAS,RB,2026,1,34,49.0,16,50.0,1,50.0,13,34.2,1,3.3,1,0,0.0,-7.0,-7.0,70,32,2,30,1,38
00-0037838,Isaiah Likely,NYG,TE,2026,1,34,49.0,0,0.0,0,0.0,23,67.6,8,27.6,8,1,100.0,8.0,64.0,69,37,2,29,1,34
00-0040784,Quinshon Judkins,CLE,RB,2026,1,33,65.0,12,54.5,1,100.0,13,41.9,2,9.1,2,0,0.0,0.5,1.0,51,22,1,22,1,31
00-0031381,Davante Adams,LA,WR,2026,1,33,54.0,0,0.0,0,0.0,21,72.4,6,22.2,3,0,0.0,12.2,73.0,61,29,3,27,0,29
00-0037545,Rashid Shaheed,SEA,WR,2026,1,33,66.0,0,0.0,0,0.0,20,74.1,3,12.5,1,0,0.0,6.3,19.0,50,22,0,24,1,27
00-0036407,Jerry Jeudy,CLE,WR,2026,1,32,63.0,0,0.0,0,0.0,25,80.6,4,18.2,2,0,0.0,10.0,40.0,51,22,1,22,1,31
00-0040666,Omarion Hampton,LAC,RB,2026,1,32,58.0,12,57.1,0,0.0,11,31.4,0,0.0,0,0,0.0,0.0,0.0,55,21,0,27,1,35
00-0033858,Jonnu Smith,GB,TE,2026,1,32,47.0,0,0.0,0,0.0,17,37.0,3,7.5,2,0,0.0,8.0,24.0,68,21,0,40,4,46
00-0041027,Jeremiyah Love,ARI,RB,2026,1,32,43.0,11,32.4,1,50.0,15,38.5,4,10.8,2,0,0.0,1.2,5.0,75,34,2,37,1,39
00-0033881,Evan Engram,DEN,TE,2026,1,32,63.0,0,0.0,0,0.0,22,66.7,5,18.5,4,1,100.0,3.6,18.0,51,15,0,27,1,33
00-0040236,Kyle Monangai,CHI,RB,2026,1,32,43.0,10,25.6,0,0.0,15,39.5,2,7.7,2,0,0.0,4.5,9.0,75,39,4,26,3,38
00-0039847,Theo Johnson,NYG,TE,2026,1,32,46.0,0,0.0,0,0.0,15,44.1,1,3.4,1,0,0.0,2.0,2.0,69,37,2,29,1,34
00-0034837,Calvin Ridley,TEN,WR,2026,1,32,64.0,0,0.0,0,0.0,25,64.1,0,0.0,0,0,0.0,0.0,0.0,50,14,0,28,2,39
00-0037664,Alec Pierce,IND,WR,2026,1,32,59.0,0,0.0,0,0.0,22,64.7,6,20.7,4,0,0.0,17.2,103.0,54,20,3,29,0,34
00-0034365,Ian Thomas,LV,TE,2026,1,31,46.0,0,0.0,0,0.0,2,6.5,0,0.0,0,0,0.0,0.0,0.0,68,37,0,29,1,31
00-0035676,A.J. Brown,NE,WR,2026,1,31,44.0,0,0.0,0,0.0,16,38.1,4,12.9,3,0,0.0,4.8,19.0,71,31,0,31,2,42
00-0040737,Terrance Ferguson,LA,TE,2026,1,31,51.0,0,0.0,0,0.0,13,44.8,1,3.7,0,0,0.0,24.0,24.0,61,29,3,27,0,29
00-0037261,Khalil Shakir,BUF,WR,2026,1,31,53.0,0,0.0,0,0.0,20,62.5,6,20.7,4,1,50.0,6.5,39.0,58,21,1,29,2,32
00-0036259,Jauan Jennings,MIN,WR,2026,1,31,48.0,0,0.0,0,0.0,19,63.3,1,4.2,0,0,0.0,30.0,30.0,65,34,2,24,2,30
00-0034975,Justice Hill,BAL,RB,2026,1,31,46.0,6,16.2,0,0.0,17,56.7,1,4.2,1,0,0.0,-1.0,-1.0,68,37,3,24,1,30
00-0039811,MarShawn Lloyd,GB,RB,2026,1,30,44.0,13,61.9,0,0.0,7,15.2,1,2.5,0,0,0.0,18.0,18.0,68,21,0,40,4,46
00-0033288,George Kittle,SF,TE,2026,1,30,46.0,0,0.0,0,0.0,17,47.2,5,14.7,2,0,0.0,7.6,38.0,65,30,0,34,4,36
00-0033885,David Njoku,LAC,TE,2026,1,30,55.0,0,0.0,0,0.0,17,48.6,5,18.5,5,0,0.0,5.6,28.0,55,21,0,27,1,35
00-0040134,Pat Bryant,DEN,WR,2026,1,30,59.0,0,0.0,0,0.0,21,63.6,6,22.2,4,0,0.0,4.2,25.0,51,15,0,27,1,33
00-0033293,Aaron Jones,MIN,RB,2026,1,30,46.0,12,35.3,1,50.0,7,23.3,1,4.2,0,0,0.0,4.0,4.0,65,34,2,24,2,30
00-0038046,Charlie Kolar,LAC,TE,2026,1,30,55.0,0,0.0,0,0.0,12,34.3,0,0.0,0,0,0.0,0.0,0.0,55,21,0,27,1,35
00-0039901,Keon Coleman,BUF,WR,2026,1,29,50.0,0,0.0,0,0.0,19,59.4,2,6.9,1,0,0.0,2.0,4.0,58,21,1,29,2,32
00-0037525,Jordan Mason,MIN,RB,2026,1,29,45.0,15,44.1,1,50.0,7,23.3,0,0.0,0,0,0.0,0.0,0.0,65,34,2,24,2,30
00-0041525,Chris Bell,MIA,WR,2026,1,29,52.0,0,0.0,0,0.0,20,54.1,2,7.4,1,0,0.0,21.0,42.0,56,18,0,27,0,37
00-0037805,Jeremy Ruckert,NYJ,TE,2026,1,29,43.0,0,0.0,0,0.0,6,23.1,1,4.3,1,0,0.0,1.0,1.0,67,39,3,23,0,26
00-0037256,Rachaad White,WAS,RB,2026,1,29,41.0,7,21.9,0,0.0,14,36.8,2,6.7,2,0,0.0,-5.0,-10.0,70,32,2,30,1,38
00-0041032,Kenyon Sadiq,NYJ,TE,2026,1,28,42.0,1,2.6,1,33.3,12,46.2,3,13.0,3,0,0.0,0.0,0.0,67,39,3,23,0,26
00-0040719,Bhayshul Tuten,JAC,RB,2026,1,28,49.0,15,46.9,0,0.0,8,32.0,1,4.8,1,0,0.0,-5.0,-5.0,57,32,0,21,3,25
00-0041052,Kaelon Black,SF,RB,2026,1,28,43.0,14,46.7,0,0.0,12,33.3,1,2.9,1,0,0.0,-5.0,-5.0,65,30,0,34,4,36
00-0040729,Jack Bech,LV,WR,2026,1,27,40.0,0,0.0,0,0.0,13,41.9,4,13.8,3,0,0.0,8.0,32.0,68,37,0,29,1,31
00-0039915,Ladd McConkey,LAC,WR,2026,1,27,49.0,0,0.0,0,0.0,18,51.4,7,25.9,5,1,100.0,13.9,97.0,55,21,0,27,1,35
00-0040187,Mitchell Evans,CAR,TE,2026,1,27,40.0,0,0.0,0,0.0,8,18.6,2,5.9,1,1,50.0,4.5,9.0,68,22,1,34,2,43
00-0035719,Deebo Samuel Sr.,SF,WR,2026,1,27,42.0,1,3.3,0,0.0,19,52.8,7,20.6,6,1,25.0,2.4,17.0,65,30,0,34,4,36
00-0040870,Ja'Kobi Lane,BAL,WR,2026,1,27,40.0,0,0.0,0,0.0,16,53.3,3,12.5,1,1,100.0,10.0,30.0,68,37,3,24,1,30
00-0039794,Braelon Allen,NYJ,RB,2026,1,27,40.0,10,25.6,0,0.0,10,38.5,1,4.3,0,0,0.0,0.0,0.0,67,39,3,23,0,26
00-0037004,Hunter Long,ARI,TE,2026,1,26,35.0,0,0.0,0,0.0,5,12.8,0,0.0,0,0,0.0,0.0,0.0,75,34,2,37,1,39
00-0038551,Kendre Miller,NO,RB,2026,1,26,29.0,9,36.0,0,0.0,5,7.9,0,0.0,0,0,0.0,0.0,0.0,90,25,0,53,4,63
00-0040730,RJ Harvey,DEN,RB,2026,1,26,51.0,3,20.0,0,0.0,15,45.5,4,14.8,4,0,0.0,-5.5,-22.0,51,15,0,27,1,33
00-0035261,Tony Pollard,TEN,RB,2026,1,26,52.0,7,50.0,0,0.0,7,17.9,2,7.1,1,0,0.0,12.0,24.0,50,14,0,28,2,39
00-0036919,Kenny Gainwell,TB,RB,2026,1,26,46.0,5,25.0,0,0.0,13,36.1,1,3.7,1,0,0.0,-5.0,-5.0,57,20,0,27,1,36
00-0041040,Antonio Williams,WAS,WR,2026,1,26,37.0,0,0.0,0,0.0,11,28.9,4,13.3,4,1,100.0,13.8,55.0,70,32,2,30,1,38
00-0040170,Elic Ayomanor,TEN,WR,2026,1,26,52.0,0,0.0,0,0.0,21,53.8,3,10.7,1,1,50.0,13.7,41.0,50,14,0,28,2,39
00-0037228,Jaylen Warren,PIT,RB,2026,1,25,37.0,10,47.6,0,0.0,13,31.0,6,16.2,5,0,0.0,-1.0,-6.0,67,21,0,37,3,42
00-0038728,Jared Wayne,HOU,WR,2026,1,25,32.0,0,0.0,0,0.0,8,19.0,1,2.7,1,0,0.0,12.0,12.0,79,32,3,37,1,42
00-0041013,Emmett Johnson,KC,RB,2026,1,25,36.0,8,21.1,0,0.0,8,24.2,2,8.0,2,0,0.0,-4.0,-8.0,69,38,1,25,0,33
00-0040194,Jackson Hawes,BUF,TE,2026,1,25,43.0,0,0.0,0,0.0,3,9.4,0,0.0,0,0,0.0,0.0,0.0,58,21,1,29,2,32
00-0039751,Jordan Whittington,LA,WR,2026,1,25,41.0,0,0.0,0,0.0,13,44.8,1,3.7,1,0,0.0,8.0,8.0,61,29,3,27,0,29
00-0032398,Chris Moore,BAL,WR,2026,1,25,37.0,0,0.0,0,0.0,7,23.3,2,8.3,1,0,0.0,34.0,68.0,68,37,3,24,1,30
00-0035250,Devin Singletary,NYG,RB,2026,1,25,36.0,6,16.2,0,0.0,17,50.0,4,13.8,4,0,0.0,-4.0,-16.0,69,37,2,29,1,34
00-0039032,Tyjae Spears,TEN,RB,2026,1,25,50.0,3,21.4,0,0.0,14,35.9,4,14.3,2,0,0.0,-3.0,-12.0,50,14,0,28,2,39
00-0031484,Chris Manhertz,NYG,TE,2026,1,24,35.0,0,0.0,0,0.0,3,8.8,0,0.0,0,0,0.0,0.0,0.0,69,37,2,29,1,34
00-0039359,Cade Stover,HOU,TE,2026,1,24,30.0,0,0.0,0,0.0,4,9.5,1,2.7,1,0,0.0,-2.0,-2.0,79,32,3,37,1,42
00-0041512,Jadarian Price,SEA,RB,2026,1,24,48.0,10,45.5,0,0.0,11,40.7,2,8.3,2,0,0.0,-0.5,-1.0,50,22,0,24,1,27
00-0036590,Quintin Morris,JAC,TE,2026,1,24,42.0,0,0.0,0,0.0,7,28.0,1,4.8,0,0,0.0,2.0,2.0,57,32,0,21,3,25
00-0031610,Darren Waller,CAR,TE,2026,1,24,35.0,0,0.0,0,0.0,18,41.9,2,5.9,2,0,0.0,4.0,8.0,68,22,1,34,2,43
00-0040138,Jaylin Noel,HOU,WR,2026,1,24,30.0,0,0.0,0,0.0,15,35.7,2,5.4,2,0,0.0,13.0,26.0,79,32,3,37,1,42
00-0038611,Chris Rodriguez Jr.,JAC,RB,2026,1,23,40.0,6,18.8,0,0.0,8,32.0,0,0.0,0,0,0.0,0.0,0.0,57,32,0,21,3,25
00-0040879,Matthew Hibner,BAL,TE,2026,1,23,34.0,0,0.0,0,0.0,5,16.7,1,4.2,1,0,0.0,1.0,1.0,68,37,3,24,1,30
00-0039299,George Holani,SEA,RB,2026,1,23,46.0,8,36.4,0,0.0,7,25.9,1,4.2,0,0,0.0,6.0,6.0,50,22,0,24,1,27
00-0039364,Sione Vaki,DET,RB,2026,1,22,29.0,2,6.1,0,0.0,17,41.5,1,2.6,1,0,0.0,2.0,2.0,77,33,5,39,1,41
00-0036158,J.K. Dobbins,DEN,RB,2026,1,22,43.0,8,53.3,0,0.0,6,18.2,0,0.0,0,0,0.0,0.0,0.0,51,15,0,27,1,33
00-0039074,Davis Allen,LA,TE,2026,1,21,34.0,0,0.0,0,0.0,4,13.8,1,3.7,1,0,0.0,-1.0,-1.0,61,29,3,27,0,29
00-0040598,Mark Redman,GB,TE,2026,1,21,31.0,0,0.0,0,0.0,2,4.3,0,0.0,0,0,0.0,0.0,0.0,68,21,0,40,4,46
00-0034829,Mike Gesicki,CIN,TE,2026,1,21,33.0,0,0.0,0,0.0,17,45.9,7,20.6,5,1,100.0,9.0,63.0,64,27,3,34,1,37
00-0041035,De'Zhaun Stribling,SF,WR,2026,1,21,32.0,0,0.0,0,0.0,14,38.9,0,0.0,0,0,0.0,0.0,0.0,65,30,0,34,4,36
00-0039064,Zay Flowers,BAL,WR,2026,1,20,29.0,0,0.0,0,0.0,11,36.7,6,25.0,5,0,0.0,15.2,91.0,68,37,3,24,1,30
00-0039814,Erick All,CIN,TE,2026,1,20,31.0,0,0.0,0,0.0,6,16.2,0,0.0,0,0,0.0,0.0,0.0,64,27,3,34,1,37
00-0039041,Elijah Higgins,ARI,TE,2026,1,20,27.0,0,0.0,0,0.0,4,10.3,0,0.0,0,0,0.0,0.0,0.0,75,34,2,37,1,39
00-0033246,Johnny Mundt,PHI,TE,2026,1,20,36.0,0,0.0,0,0.0,4,11.8,0,0.0,0,0,0.0,0.0,0.0,55,25,0,22,2,34
00-0039893,Brian Thomas Jr.,JAC,WR,2026,1,20,35.0,0,0.0,0,0.0,14,56.0,3,14.3,3,0,0.0,14.7,44.0,57,32,0,21,3,25
00-0040075,LaJohntay Wester,BAL,WR,2026,1,20,29.0,0,0.0,0,0.0,13,43.3,2,8.3,2,0,0.0,5.5,11.0,68,37,3,24,1,30
00-0038710,Blake Whiteheart,CLE,TE,2026,1,20,39.0,0,0.0,0,0.0,9,29.0,1,4.5,1,0,0.0,6.0,6.0,51,22,1,22,1,31
00-0032951,Laquon Treadwell,IND,WR,2026,1,19,35.0,0,0.0,0,0.0,9,26.5,1,3.4,0,0,0.0,4.0,4.0,54,20,3,29,0,34
00-0041100,Josh Cameron,JAC,WR,2026,1,19,33.0,0,0.0,0,0.0,7,28.0,2,9.5,2,1,33.3,9.0,18.0,57,32,0,21,3,25
00-0036422,Adam Trautman,DEN,TE,2026,1,19,37.0,0,0.0,0,0.0,8,24.2,3,11.1,2,0,0.0,-0.3,-1.0,51,15,0,27,1,33
00-0039912,Ben Sinnott,WAS,TE,2026,1,18,26.0,0,0.0,0,0.0,10,26.3,0,0.0,0,0,0.0,0.0,0.0,70,32,2,30,1,38
00-0033526,Samaje Perine,CIN,RB,2026,1,18,28.0,5,18.5,0,0.0,7,18.9,3,8.8,3,0,0.0,1.0,3.0,64,27,3,34,1,37
00-0040466,Raheim Sanders,CLE,RB,2026,1,18,35.0,1,4.5,0,0.0,13,41.9,3,13.6,3,0,0.0,-2.0,-6.0,51,22,1,22,1,31
00-0035208,Olamide Zaccheaus,ATL,WR,2026,1,18,30.0,0,0.0,0,0.0,9,34.6,1,5.3,1,0,0.0,5.0,5.0,60,31,0,19,0,26
00-0036988,Josh Palmer,BUF,WR,2026,1,18,31.0,0,0.0,0,0.0,13,40.6,2,6.9,1,1,50.0,31.0,62.0,58,21,1,29,2,32
00-0040164,Jaylin Lane,WAS,WR,2026,1,18,26.0,0,0.0,0,0.0,9,23.7,1,3.3,1,0,0.0,4.0,4.0,70,32,2,30,1,38
00-0041044,Zachariah Branch,ATL,WR,2026,1,18,30.0,0,0.0,0,0.0,6,23.1,0,0.0,0,0,0.0,0.0,0.0,60,31,0,19,0,26
00-0039868,Troy Franklin,DEN,WR,2026,1,17,33.0,1,6.7,0,0.0,9,27.3,1,3.7,0,0,0.0,31.0,31.0,51,15,0,27,1,33
00-0038454,Keaton Mitchell,LAC,RB,2026,1,17,31.0,4,19.0,0,0.0,11,31.4,0,0.0,0,0,0.0,0.0,0.0,55,21,0,27,1,35
00-0040590,Konata Mumpfield,LA,WR,2026,1,16,26.0,0,0.0,0,0.0,11,37.9,1,3.7,0,0,0.0,13.0,13.0,61,29,3,27,0,29
00-0037755,Jelani Woods,NYJ,TE,2026,1,16,24.0,0,0.0,0,0.0,2,7.7,0,0.0,0,0,0.0,0.0,0.0,67,39,3,23,0,26
00-0041529,Kevin Coleman Jr.,MIA,WR,2026,1,16,29.0,0,0.0,0,0.0,14,37.8,2,7.4,0,0,0.0,12.0,24.0,56,18,0,27,0,37
00-0038359,Xavier Smith,LA,WR,2026,1,16,26.0,0,0.0,0,0.0,9,31.0,0,0.0,0,0,0.0,0.0,0.0,61,29,3,27,0,29
00-0041326,CJ Donaldson,NO,RB,2026,1,15,17.0,2,8.0,0,0.0,7,11.1,2,3.8,1,0,0.0,2.5,5.0,90,25,0,53,4,63
00-0037746,Brian Robinson,ATL,RB,2026,1,15,25.0,9,29.0,0,0.0,2,7.7,0,0.0,0,0,0.0,0.0,0.0,60,31,0,19,0,26
00-0036630,Tylan Wallace,CLE,WR,2026,1,15,29.0,0,0.0,0,0.0,4,12.9,0,0.0,0,0,0.0,0.0,0.0,51,22,1,22,1,31
00-0041524,Will Kacmarek,MIA,TE,2026,1,14,25.0,0,0.0,0,0.0,5,13.5,1,3.7,0,0,0.0,6.0,6.0,56,18,0,27,0,37
00-0038115,Daniel Bellinger,TEN,TE,2026,1,14,28.0,0,0.0,0,0.0,5,12.8,1,3.6,1,0,0.0,1.0,1.0,50,14,0,28,2,39
00-0032392,Austin Hooper,ATL,TE,2026,1,14,23.0,0,0.0,0,0.0,6,23.1,0,0.0,0,0,0.0,0.0,0.0,60,31,0,19,0,26
00-0040218,Jimmy Horn Jr.,CAR,WR,2026,1,14,21.0,0,0.0,0,0.0,7,16.3,1,2.9,0,0,0.0,3.0,3.0,68,22,1,34,2,43
00-0033217,Mo Alie-Cox,IND,TE,2026,1,14,26.0,0,0.0,0,0.0,3,8.8,0,0.0,0,0,0.0,0.0,0.0,54,20,3,29,0,34
00-0039738,Blake Corum,LA,RB,2026,1,14,23.0,10,34.5,0,0.0,2,6.9,0,0.0,0,0,0.0,0.0,0.0,61,29,3,27,0,29
00-0039344,Jonathon Brooks,CAR,RB,2026,1,13,19.0,4,18.2,0,0.0,5,11.6,2,5.9,1,0,0.0,15.0,30.0,68,22,1,34,2,43
00-0039530,Brevyn Spann-Ford,DAL,TE,2026,1,13,22.0,0,0.0,0,0.0,8,22.2,2,6.7,2,0,0.0,3.0,6.0,58,18,3,30,1,36
00-0040081,Jake Briningstool,KC,TE,2026,1,13,19.0,0,0.0,0,0.0,3,9.1,1,4.0,1,0,0.0,4.0,4.0,69,38,1,25,0,33
00-0040237,Tez Johnson,TB,WR,2026,1,13,23.0,1,5.0,0,0.0,6,16.7,1,3.7,0,1,100.0,9.0,9.0,57,20,0,27,1,36
00-0038783,Nate Adkins,DEN,TE,2026,1,13,25.0,0,0.0,0,0.0,4,12.1,0,0.0,0,0,0.0,0.0,0.0,51,15,0,27,1,33
00-0038547,Luke Schoonmaker,DAL,TE,2026,1,13,22.0,0,0.0,0,0.0,5,13.9,1,3.3,1,0,0.0,12.0,12.0,58,18,3,30,1,36
00-0040878,Mike Washington Jr.,LV,RB,2026,1,13,19.0,7,18.9,0,0.0,3,9.7,0,0.0,0,0,0.0,0.0,0.0,68,37,0,29,1,31
00-0040131,Kyle Williams,NE,WR,2026,1,12,17.0,0,0.0,0,0.0,7,16.7,0,0.0,0,0,0.0,0.0,0.0,71,31,0,31,2,42
00-0033110,Tyler Higbee,LA,TE,2026,1,12,20.0,0,0.0,0,0.0,4,13.8,2,7.4,2,0,0.0,4.5,9.0,61,29,3,27,0,29
00-0038840,Brycen Tremayne,CAR,WR,2026,1,12,18.0,0,0.0,0,0.0,6,14.0,0,0.0,0,0,0.0,0.0,0.0,68,22,1,34,2,43
00-0034419,Braxton Berrios,NYG,WR,2026,1,12,17.0,0,0.0,0,0.0,4,11.8,0,0.0,0,0,0.0,0.0,0.0,69,37,2,29,1,34
00-0041558,Sam Roush,CHI,TE,2026,1,12,16.0,0,0.0,0,0.0,5,13.2,0,0.0,0,0,0.0,0.0,0.0,75,39,4,26,3,38
00-0039471,Frank Gore Jr.,BUF,RB,2026,1,11,19.0,1,4.8,0,0.0,4,12.5,0,0.0,0,0,0.0,0.0,0.0,58,21,1,29,2,32
00-0040739,Elijah Arroyo,SEA,TE,2026,1,11,22.0,0,0.0,0,0.0,7,25.9,0,0.0,0,0,0.0,0.0,0.0,50,22,0,24,1,27
00-0038589,Josh Whyle,GB,TE,2026,1,11,16.0,0,0.0,0,0.0,1,2.2,0,0.0,0,0,0.0,0.0,0.0,68,21,0,40,4,46
00-0039062,Jonathan Mingo,DAL,WR,2026,1,11,19.0,0,0.0,0,0.0,7,19.4,1,3.3,1,0,0.0,11.0,11.0,58,18,3,30,1,36
00-0035891,Cody White,LV,WR,2026,1,11,16.0,0,0.0,0,0.0,5,16.1,1,3.4,0,0,0.0,3.0,3.0,68,37,0,29,1,31
00-0031235,Odell Beckham Jr.,NYG,WR,2026,1,11,16.0,0,0.0,0,0.0,6,17.6,0,0.0,0,0,0.0,0.0,0.0,69,37,2,29,1,34
00-0035021,Ashton Dulin,IND,WR,2026,1,10,19.0,0,0.0,0,0.0,6,17.6,1,3.4,0,0,0.0,0.0,0.0,54,20,3,29,0,34
00-0033576,Eric Saubert,SEA,TE,2026,1,10,20.0,0,0.0,0,0.0,3,11.1,0,0.0,0,0,0.0,0.0,0.0,50,22,0,24,1,27
00-0037093,Dareke Young,LV,WR,2026,1,10,15.0,0,0.0,0,0.0,2,6.5,0,0.0,0,0,0.0,0.0,0.0,68,37,0,29,1,31
00-0040189,Oronde Gadsden II,LAC,TE,2026,1,10,18.0,0,0.0,0,0.0,5,14.3,2,7.4,2,0,0.0,3.5,7.0,55,21,0,27,1,35
00-0037380,Kaden Davis,CHI,WR,2026,1,10,13.0,0,0.0,0,0.0,2,5.3,0,0.0,0,0,0.0,0.0,0.0,75,39,4,26,3,38
00-0041106,C.J. Williams,JAC,WR,2026,1,10,18.0,0,0.0,0,0.0,1,4.0,0,0.0,0,0,0.0,0.0,0.0,57,32,0,21,3,25
00-0041550,Brenen Thompson,LAC,WR,2026,1,10,18.0,0,0.0,0,0.0,9,25.7,0,0.0,0,0,0.0,0.0,0.0,55,21,0,27,1,35
00-0039407,Dylan Laube,LV,RB,2026,1,10,15.0,0,0.0,0,0.0,5,16.1,0,0.0,0,0,0.0,0.0,0.0,68,37,0,29,1,31
00-0038573,Derius Davis,LAC,WR,2026,1,10,18.0,0,0.0,0,0.0,9,25.7,1,3.7,0,0,0.0,55.0,55.0,55,21,0,27,1,35
00-0039518,Treyton Welch,NO,TE,2026,1,10,11.0,0,0.0,0,0.0,5,7.9,0,0.0,0,0,0.0,0.0,0.0,90,25,0,53,4,63
00-0040785,Dohnte Meyers,CIN,WR,2026,1,10,16.0,1,3.7,0,0.0,5,13.5,1,2.9,1,0,0.0,2.0,2.0,64,27,3,34,1,37
00-0036463,Chris Blair,ATL,WR,2026,1,10,17.0,0,0.0,0,0.0,3,11.5,0,0.0,0,0,0.0,0.0,0.0,60,31,0,19,0,26
00-0039746,Will Shipley,PHI,RB,2026,1,10,18.0,2,8.0,0,0.0,7,20.6,1,4.5,1,0,0.0,6.0,6.0,55,25,0,22,2,34
00-0034270,Tyler Conklin,DET,TE,2026,1,10,13.0,0,0.0,0,0.0,2,4.9,0,0.0,0,0,0.0,0.0,0.0,77,33,5,39,1,41
00-0041472,Marlin Klein,HOU,TE,2026,1,9,11.0,0,0.0,0,0.0,2,4.8,1,2.7,1,0,0.0,14.0,14.0,79,32,3,37,1,42
00-0041069,Colbie Young,CIN,WR,2026,1,9,14.0,0,0.0,0,0.0,3,8.1,0,0.0,0,0,0.0,0.0,0.0,64,27,3,34,1,37
00-0038976,Marvin Mims Jr.,DEN,WR,2026,1,9,18.0,0,0.0,0,0.0,6,18.2,0,0.0,0,0,0.0,0.0,0.0,51,15,0,27,1,33
00-0040556,Corey Kiner,NE,RB,2026,1,8,11.0,6,19.4,0,0.0,1,2.4,0,0.0,0,0,0.0,0.0,0.0,71,31,0,31,2,42
00-0040024,Darius Cooper,PHI,WR,2026,1,8,15.0,0,0.0,0,0.0,4,11.8,0,0.0,0,0,0.0,0.0,0.0,55,25,0,22,2,34
00-0037091,Bo Melton,GB,WR,2026,1,8,12.0,0,0.0,0,0.0,6,13.0,1,2.5,1,0,0.0,10.0,10.0,68,21,0,40,4,46
00-0037557,Ronnie Rivers,LA,RB,2026,1,8,13.0,5,17.2,0,0.0,3,10.3,1,3.7,1,0,0.0,2.0,2.0,61,29,3,27,0,29
00-0037801,KaVontae Turpin,DAL,WR,2026,1,8,14.0,0,0.0,0,0.0,5,13.9,1,3.3,1,0,0.0,1.0,1.0,58,18,3,30,1,36
00-0037112,Jake Tonges,SF,TE,2026,1,8,12.0,0,0.0,0,0.0,5,13.9,0,0.0,0,0,0.0,0.0,0.0,65,30,0,34,4,36
00-0040782,Isaiah Bond,CLE,WR,2026,1,7,14.0,0,0.0,0,0.0,5,16.1,0,0.0,0,0,0.0,0.0,0.0,51,22,1,22,1,31
00-0040894,Malik Benson,LV,WR,2026,1,7,10.0,1,2.7,0,0.0,4,12.9,2,6.9,1,0,0.0,15.5,31.0,68,37,0,29,1,31
00-0041096,Kaytron Allen,WAS,RB,2026,1,7,10.0,4,12.5,1,50.0,1,2.6,0,0.0,0,0,0.0,0.0,0.0,70,32,2,30,1,38
00-0039050,Payne Durham,TB,TE,2026,1,7,12.0,0,0.0,0,0.0,0,0.0,0,0.0,0,0,0.0,0.0,0.0,57,20,0,27,1,36
00-0041099,Barion Brown,NO,WR,2026,1,7,8.0,1,4.0,0,0.0,2,3.2,0,0.0,0,0,0.0,0.0,0.0,90,25,0,53,4,63
00-0036265,AJ Dillon,CAR,RB,2026,1,7,10.0,5,22.7,0,0.0,2,4.7,0,0.0,0,0,0.0,0.0,0.0,68,22,1,34,2,43
00-0036425,DeeJay Dallas,MIN,RB,2026,1,6,9.0,0,0.0,0,0.0,4,13.3,1,4.2,1,0,0.0,1.0,1.0,65,34,2,24,2,30
00-0038555,Tank Bigsby,PHI,RB,2026,1,6,11.0,1,4.0,0,0.0,1,2.9,0,0.0,0,0,0.0,0.0,0.0,55,25,0,22,2,34
00-0034613,Tanner Hudson,CIN,TE,2026,1,6,9.0,0,0.0,0,0.0,4,10.8,1,2.9,1,0,0.0,4.0,4.0,64,27,3,34,1,37
00-0041125,Seth McGowan,IND,RB,2026,1,6,11.0,0,0.0,0,0.0,4,11.8,1,3.4,1,0,0.0,-2.0,-2.0,54,20,3,29,0,34
00-0037292,Andrew Ogletree,IND,TE,2026,1,6,11.0,0,0.0,0,0.0,1,2.9,1,3.4,0,0,0.0,3.0,3.0,54,20,3,29,0,34
00-0040887,Josh Cuevas,BAL,TE,2026,1,6,9.0,0,0.0,0,0.0,2,6.7,0,0.0,0,0,0.0,0.0,0.0,68,37,3,24,1,30
00-0036646,Simi Fehoko,ARI,WR,2026,1,6,8.0,0,0.0,0,0.0,1,2.6,0,0.0,0,0,0.0,0.0,0.0,75,34,2,37,1,39
00-0039875,Ray Davis,BUF,RB,2026,1,5,9.0,1,4.8,0,0.0,3,9.4,0,0.0,0,0,0.0,0.0,0.0,58,21,1,29,2,32
00-0036825,Feleipe Franks,CAR,TE,2026,1,5,7.0,0,0.0,0,0.0,2,4.7,0,0.0,0,0,0.0,0.0,0.0,68,22,1,34,2,43
00-0037317,Nick Muse,ATL,TE,2026,1,5,8.0,0,0.0,0,0.0,0,0.0,0,0.0,0,0,0.0,0.0,0.0,60,31,0,19,0,26
00-0038705,Emari Demercado,DAL,RB,2026,1,5,9.0,2,11.1,0,0.0,2,5.6,0,0.0,0,0,0.0,0.0,0.0,58,18,3,30,1,36
00-0039589,Kameron Johnson,TB,WR,2026,1,5,9.0,0,0.0,0,0.0,2,5.6,0,0.0,0,0,0.0,0.0,0.0,57,20,0,27,1,36
00-0032104,Ameer Abdullah,JAC,RB,2026,1,5,9.0,4,12.5,0,0.0,1,4.0,1,4.8,1,0,0.0,-3.0,-3.0,57,32,0,21,3,25
00-0039365,Jacob Cowing,SF,WR,2026,1,5,8.0,0,0.0,0,0.0,4,11.1,0,0.0,0,0,0.0,0.0,0.0,65,30,0,34,4,36
00-0037231,Kevin Austin Jr.,NO,WR,2026,1,5,6.0,0,0.0,0,0.0,4,6.3,0,0.0,0,0,0.0,0.0,0.0,90,25,0,53,4,63
00-0041511,Omar Cooper Jr.,NYJ,WR,2026,1,5,7.0,0,0.0,0,0.0,1,3.8,1,4.3,1,0,0.0,4.0,4.0,67,39,3,23,0,26
00-0035345,Chris Myarick,LV,TE,2026,1,5,7.0,0,0.0,0,0.0,1,3.2,0,0.0,0,0,0.0,0.0,0.0,68,37,0,29,1,31
00-0040363,Keleki Latu,BUF,TE,2026,1,4,7.0,0,0.0,0,0.0,1,3.1,0,0.0,0,0,0.0,0.0,0.0,58,21,1,29,2,32
00-0040718,Travis Hunter,JAC,WR,2026,1,4,7.0,1,3.1,0,0.0,3,12.0,1,4.8,1,0,0.0,-3.0,-3.0,57,32,0,21,3,25
00-0040705,Chimere Dike,TEN,WR,2026,1,4,8.0,0,0.0,0,0.0,3,7.7,1,3.6,1,0,0.0,3.0,3.0,50,14,0,28,2,39
00-0038640,Jalen Brooks,ARI,WR,2026,1,4,5.0,0,0.0,0,0.0,1,2.6,0,0.0,0,0,0.0,0.0,0.0,75,34,2,37,1,39
00-0039874,Jaylen Wright,MIA,RB,2026,1,4,7.0,1,5.6,0,0.0,2,5.4,0,0.0,0,0,0.0,0.0,0.0,56,18,0,27,0,37
00-0038090,Skyy Moore,GB,WR,2026,1,4,6.0,0,0.0,0,0.0,3,6.5,1,2.5,0,1,25.0,12.0,12.0,68,21,0,40,4,46
00-0039391,Kimani Vidal,LAC,RB,2026,1,4,7.0,0,0.0,0,0.0,3,8.6,0,0.0,0,0,0.0,0.0,0.0,55,21,0,27,1,35
00-0040198,Ollie Gordon II,MIA,RB,2026,1,4,7.0,0,0.0,0,0.0,1,2.7,0,0.0,0,0,0.0,0.0,0.0,56,18,0,27,0,37
00-0037157,Bam Knight,ARI,RB,2026,1,3,4.0,0,0.0,0,0.0,0,0.0,0,0.0,0,0,0.0,0.0,0.0,75,34,2,37,1,39
00-0040506,Myles Price,MIN,WR,2026,1,3,5.0,0,0.0,0,0.0,0,0.0,0,0.0,0,0,0.0,0.0,0.0,65,34,2,24,2,30
00-0041489,Germie Bernard,PIT,WR,2026,1,3,4.0,0,0.0,0,0.0,3,7.1,0,0.0,0,0,0.0,0.0,0.0,67,21,0,37,3,42
00-0041496,Jonah Coleman,DEN,RB,2026,1,3,6.0,0,0.0,0,0.0,0,0.0,0,0.0,0,0,0.0,0.0,0.0,51,15,0,27,1,33
00-0038797,Emanuel Wilson,SEA,RB,2026,1,3,6.0,2,9.1,0,0.0,1,3.7,0,0.0,0,0,0.0,0.0,0.0,50,22,0,24,1,27
00-0040568,Lan Larison,NE,RB,2026,1,3,4.0,0,0.0,0,0.0,2,4.8,2,6.5,2,0,0.0,-1.5,-3.0,71,31,0,31,2,42
00-0040154,Tai Felton,MIN,WR,2026,1,3,5.0,0,0.0,0,0.0,0,0.0,0,0.0,0,0,0.0,0.0,0.0,65,34,2,24,2,30
00-0041490,Eli Heidenreich,PIT,RB,2026,1,3,4.0,0,0.0,0,0.0,0,0.0,0,0.0,0,0,0.0,0.0,0.0,67,21,0,37,3,42
00-0033757,Robert Tonyan,PIT,TE,2026,1,2,3.0,0,0.0,0,0.0,0,0.0,0,0.0,0,0,0.0,0.0,0.0,67,21,0,37,3,42
00-0040582,Arian Smith,NYJ,WR,2026,1,2,3.0,0,0.0,0,0.0,1,3.8,1,4.3,0,0,0.0,4.0,4.0,67,39,3,23,0,26
00-0039686,Colson Yankoff,WAS,TE,2026,1,2,3.0,0,0.0,0,0.0,2,5.3,0,0.0,0,0,0.0,0.0,0.0,70,32,2,30,1,38
00-0040208,Tahj Brooks,CIN,RB,2026,1,2,3.0,0,0.0,0,0.0,0,0.0,0,0.0,0,0,0.0,0.0,0.0,64,27,3,34,1,37
00-0039384,Tyrone Tracy Jr.,NYG,RB,2026,1,2,3.0,2,5.4,0,0.0,0,0.0,0,0.0,0,0,0.0,0.0,0.0,69,37,2,29,1,34
00-0041094,Bauer Sharp,TB,TE,2026,1,1,2.0,0,0.0,0,0.0,1,2.8,0,0.0,0,0,0.0,0.0,0.0,57,20,0,27,1,36
00-0040238,LeQuint Allen Jr.,JAC,RB,2026,1,1,2.0,0,0.0,0,0.0,1,4.0,0,0.0,0,0,0.0,0.0,0.0,57,32,0,21,3,25
00-0034854,KhaDarel Hodge,SF,WR,2026,1,1,2.0,0,0.0,0,0.0,1,2.8,0,0.0,0,0,0.0,0.0,0.0,65,30,0,34,4,36
00-0040890,Cyrus Allen,KC,WR,2026,1,1,1.0,0,0.0,0,0.0,1,3.0,1,4.0,0,0,0.0,5.0,5.0,69,38,1,25,0,33
00-0038498,E.J. Jenkins,PHI,TE,2026,1,1,2.0,0,0.0,0,0.0,0,0.0,0,0.0,0,0,0.0,0.0,0.0,55,25,0,22,2,34
00-0039894,Xavier Worthy,KC,WR,2026,2,69,86.0,0,0.0,0,0.0,46,90.2,7,16.3,5,1,33.3,5.7,40.0,80,29,3,43,3,51
00-0035640,DK Metcalf,PIT,WR,2026,2,68,97.0,0,0.0,0,0.0,46,100.0,9,24.3,4,0,0.0,6.9,62.0,70,23,0,37,0,46
00-0030506,Travis Kelce,KC,TE,2026,2,68,85.0,0,0.0,0,0.0,40,78.4,11,25.6,9,0,0.0,5.1,56.0,80,29,3,43,3,51
00-0036912,DeVonta Smith,PHI,WR,2026,2,67,88.0,0,0.0,0,0.0,41,95.3,13,38.2,10,3,75.0,14.5,188.0,76,32,1,34,4,43
00-0038134,Kenneth Walker III,KC,RB,2026,2,66,82.0,24,82.8,3,100.0,24,47.1,10,23.3,6,1,33.3,1.3,13.0,80,29,3,43,3,51
00-0039424,Devaughn Vele,NO,WR,2026,2,65,96.0,0,0.0,0,0.0,36,92.3,7,21.9,5,1,50.0,9.9,69.0,68,28,3,32,2,39
00-0037740,Garrett Wilson,NYJ,WR,2026,2,65,88.0,0,0.0,0,0.0,43,87.8,7,19.4,5,0,0.0,10.7,75.0,74,27,1,36,0,49
00-0038618,Xavier Hutchinson,HOU,WR,2026,2,65,81.0,0,0.0,0,0.0,53,85.5,9,18.0,3,2,50.0,12.4,112.0,80,18,0,50,4,62
00-0040126,Colston Loveland,CHI,TE,2026,2,64,86.0,0,0.0,0,0.0,29,69.0,3,10.0,1,1,50.0,4.3,13.0,74,31,1,30,2,42
00-0039065,Sam LaPorta,DET,TE,2026,2,64,98.0,0,0.0,0,0.0,40,90.9,7,18.4,6,1,25.0,3.3,23.0,65,20,0,38,4,44
00-0039067,Rashee Rice,KC,WR,2026,2,63,79.0,0,0.0,0,0.0,41,80.4,6,14.0,4,0,0.0,7.5,45.0,80,29,3,43,3,51
00-0037240,Jameson Williams,DET,WR,2026,2,63,97.0,0,0.0,0,0.0,42,95.5,4,10.5,2,0,0.0,12.5,50.0,65,20,0,38,4,44
00-0036963,Amon-Ra St. Brown,DET,WR,2026,2,62,95.0,0,0.0,0,0.0,43,97.7,13,34.2,9,1,25.0,11.4,148.0,65,20,0,38,4,44
00-0039919,Rome Odunze,CHI,WR,2026,2,62,84.0,0,0.0,0,0.0,38,90.5,4,13.3,3,0,0.0,11.8,47.0,74,31,1,30,2,42
00-0039890,Adonai Mitchell,NYJ,WR,2026,2,61,82.0,0,0.0,0,0.0,40,81.6,12,33.3,6,0,0.0,14.8,178.0,74,27,1,36,0,49
00-0039451,Isaiah Williams,NYJ,WR,2026,2,61,82.0,1,3.7,0,0.0,42,85.7,6,16.7,6,0,0.0,0.3,2.0,74,27,1,36,0,49
00-0036223,Jonathan Taylor,IND,RB,2026,2,61,94.0,24,75.0,2,100.0,16,48.5,4,13.3,4,0,0.0,-0.2,-1.0,65,32,2,30,1,33
00-0038608,Kayshon Boutte,HOU,WR,2026,2,58,72.0,0,0.0,0,0.0,50,80.6,5,10.0,3,1,25.0,13.2,66.0,80,18,0,50,4,62
00-0038129,Cade Otton,TB,TE,2026,2,58,89.0,0,0.0,0,0.0,34,82.9,6,18.2,5,0,0.0,7.5,45.0,65,25,0,33,4,41
00-0038996,Tucker Kraft,GB,TE,2026,2,58,98.0,0,0.0,0,0.0,27,84.4,3,10.3,2,0,0.0,3.3,10.0,59,18,0,29,1,32
00-0040128,Tyler Warren,IND,TE,2026,2,58,89.0,1,3.1,0,0.0,26,78.8,7,23.3,6,1,100.0,-1.9,-13.0,65,32,2,30,1,33
00-0037239,Chris Olave,NO,WR,2026,2,57,84.0,0,0.0,0,0.0,37,94.9,10,31.2,8,1,50.0,10.4,104.0,68,28,3,32,2,39
00-0040129,Emeka Egbuka,TB,WR,2026,2,56,86.0,1,4.0,0,0.0,37,90.2,5,15.2,3,2,50.0,15.0,75.0,65,25,0,33,4,41
00-0039793,AJ Barner,SEA,TE,2026,2,56,80.0,1,2.5,1,12.5,21,77.8,1,3.8,1,0,0.0,8.0,8.0,70,40,8,26,3,27
00-0040727,Tre Harris,LAC,WR,2026,2,56,82.0,0,0.0,0,0.0,22,71.0,3,11.5,1,0,0.0,18.7,56.0,68,32,2,26,1,31
00-0035689,Dawson Knox,BUF,TE,2026,2,56,76.0,0,0.0,0,0.0,16,42.1,2,7.1,2,1,50.0,1.5,3.0,74,36,4,28,2,38
00-0033921,Chris Godwin Jr.,TB,WR,2026,2,56,86.0,1,4.0,0,0.0,37,90.2,3,9.1,3,0,0.0,11.0,33.0,65,25,0,33,4,41
00-0037248,James Cook,BUF,RB,2026,2,55,74.0,21,58.3,2,50.0,22,57.9,3,10.7,1,0,0.0,0.3,1.0,74,36,4,28,2,38
00-0038544,Quentin Johnston,LAC,WR,2026,2,55,81.0,1,3.1,0,0.0,23,74.2,5,19.2,1,0,0.0,12.8,64.0,68,32,2,26,1,31
00-0039739,Roman Wilson,PIT,WR,2026,2,55,79.0,0,0.0,0,0.0,42,91.3,6,16.2,5,0,0.0,3.5,21.0,70,23,0,37,0,46
00-0041489,Germie Bernard,PIT,WR,2026,2,55,79.0,0,0.0,0,0.0,39,84.8,8,21.6,4,0,0.0,8.8,70.0,70,23,0,37,0,46
00-0039901,Keon Coleman,BUF,WR,2026,2,55,74.0,0,0.0,0,0.0,28,73.7,6,21.4,6,0,0.0,8.0,48.0,74,36,4,28,2,38
00-0041067,Bryce Lance,NO,WR,2026,2,54,79.0,0,0.0,0,0.0,32,82.1,1,3.1,1,0,0.0,8.0,8.0,68,28,3,32,2,39
00-0034383,Dalton Schultz,HOU,TE,2026,2,54,68.0,0,0.0,0,0.0,47,75.8,14,28.0,12,0,0.0,7.4,104.0,80,18,0,50,4,62
00-0039139,Jahmyr Gibbs,DET,RB,2026,2,54,83.0,16,80.0,0,0.0,30,68.2,8,21.1,6,1,25.0,4.2,34.0,65,20,0,38,4,44
00-0038997,Josh Downs,IND,WR,2026,2,54,83.0,0,0.0,0,0.0,30,90.9,9,30.0,7,0,0.0,8.1,73.0,65,32,2,30,1,33
00-0041037,Denzel Boston,CLE,WR,2026,2,54,93.0,0,0.0,0,0.0,33,94.3,7,23.3,5,1,100.0,8.6,60.0,58,23,0,30,1,35
00-0036550,Rashod Bateman,BAL,WR,2026,2,54,93.0,0,0.0,0,0.0,36,94.7,9,31.0,7,1,100.0,13.9,125.0,58,22,1,29,1,38
00-0036900,Ja'Marr Chase,CIN,WR,2026,2,53,88.0,0,0.0,0,0.0,35,97.2,9,29.0,7,2,100.0,9.0,81.0,60,23,0,31,2,36
00-0038124,Christian Watson,GB,WR,2026,2,53,90.0,0,0.0,0,0.0,30,93.8,11,37.9,4,1,100.0,7.8,86.0,59,18,0,29,1,32
00-0039066,Michael Mayer,LV,TE,2026,2,53,84.0,0,0.0,0,0.0,27,84.4,4,13.8,3,0,0.0,4.5,18.0,63,29,4,29,4,32
00-0040124,Tetairoa McMillan,CAR,WR,2026,2,53,80.0,0,0.0,0,0.0,36,92.3,10,31.2,5,2,33.3,13.2,132.0,66,22,0,32,6,39
00-0034960,Jakobi Meyers,JAC,WR,2026,2,53,90.0,0,0.0,0,0.0,29,93.5,1,3.6,1,0,0.0,21.0,21.0,59,24,2,28,0,31
00-0036322,Justin Jefferson,MIN,WR,2026,2,52,100.0,0,0.0,0,0.0,24,100.0,6,31.6,3,1,100.0,15.2,91.0,52,28,0,19,1,24
00-0037741,Jahan Dotson,ATL,WR,2026,2,52,75.0,0,0.0,0,0.0,32,82.1,4,12.9,2,0,0.0,12.0,48.0,69,32,0,31,0,39
00-0040667,Matthew Golden,GB,WR,2026,2,51,86.0,0,0.0,0,0.0,29,90.6,6,20.7,4,0,0.0,13.3,80.0,59,18,0,29,1,32
00-0036290,Cole Kmet,CHI,TE,2026,2,51,69.0,0,0.0,0,0.0,13,31.0,1,3.3,0,0,0.0,9.0,9.0,74,31,1,30,2,42
00-0041523,Caleb Douglas,MIA,WR,2026,2,51,86.0,0,0.0,0,0.0,23,82.1,3,13.0,2,0,0.0,5.7,17.0,59,29,1,23,0,28
00-0039361,Bucky Irving,TB,RB,2026,2,51,78.0,17,68.0,0,0.0,22,53.7,4,12.1,4,0,0.0,-5.5,-22.0,65,25,0,33,4,41
00-0040122,Ashton Jeanty,LV,RB,2026,2,51,81.0,21,72.4,4,100.0,24,75.0,7,24.1,4,0,0.0,0.3,2.0,63,29,4,29,4,32
00-0033090,Hunter Henry,NE,TE,2026,2,50,91.0,0,0.0,0,0.0,22,81.5,5,23.8,3,0,0.0,11.4,57.0,55,28,0,21,0,27
00-0035659,Terry McLaurin,WAS,WR,2026,2,50,70.0,0,0.0,0,0.0,34,81.0,9,26.5,2,3,37.5,17.1,154.0,71,32,1,34,8,42
00-0036275,D'Andre Swift,CHI,RB,2026,2,50,68.0,16,51.6,1,100.0,19,45.2,5,16.7,5,0,0.0,-3.0,-15.0,74,31,1,30,2,42
00-0040663,Harold Fannin Jr.,CLE,TE,2026,2,50,86.0,0,0.0,0,0.0,29,82.9,6,20.0,5,0,0.0,4.0,24.0,58,23,0,30,1,35
00-0039491,Jalen Coker,CAR,WR,2026,2,50,76.0,0,0.0,0,0.0,34,87.2,9,28.1,8,1,16.7,5.3,48.0,66,22,0,32,6,39
00-0037228,Jaylen Warren,PIT,RB,2026,2,50,71.0,11,47.8,0,0.0,24,52.2,4,10.8,2,0,0.0,-2.8,-11.0,70,23,0,37,0,46
00-0040669,Isaac TeSlaa,DET,WR,2026,2,49,75.0,0,0.0,0,0.0,34,77.3,5,13.2,2,1,25.0,16.2,81.0,65,20,0,38,4,44
00-0038933,Dalton Kincaid,BUF,TE,2026,2,49,66.0,0,0.0,0,0.0,26,68.4,8,28.6,7,1,50.0,10.5,84.0,74,36,4,28,2,38
00-0038935,Brenton Strange,JAC,TE,2026,2,49,83.0,0,0.0,0,0.0,25,80.6,2,7.1,2,0,0.0,8.5,17.0,59,24,2,28,0,31
00-0033246,Johnny Mundt,PHI,TE,2026,2,49,64.0,0,0.0,0,0.0,20,46.5,3,8.8,2,0,0.0,2.7,8.0,76,32,1,34,4,43
00-0041048,Ted Hurst III,TB,WR,2026,2,48,74.0,0,0.0,0,0.0,26,63.4,7,21.2,2,2,50.0,20.7,145.0,65,25,0,33,4,41
00-0038606,Parker Washington,JAC,WR,2026,2,48,81.0,0,0.0,0,0.0,28,90.3,12,42.9,7,0,0.0,14.8,177.0,59,24,2,28,0,31
00-0039912,Ben Sinnott,WAS,TE,2026,2,48,68.0,0,0.0,0,0.0,17,40.5,1,2.9,1,0,0.0,4.0,4.0,71,32,1,34,8,42
00-0040138,Jaylin Noel,HOU,WR,2026,2,48,60.0,1,5.6,0,0.0,40,64.5,5,10.0,1,0,0.0,7.8,39.0,80,18,0,50,4,62
00-0040867,Makai Lemon,PHI,WR,2026,2,48,63.0,1,3.1,0,0.0,34,79.1,1,2.9,1,0,0.0,13.0,13.0,76,32,1,34,4,43
00-0038120,Breece Hall,NYJ,RB,2026,2,48,65.0,16,59.3,0,0.0,21,42.9,5,13.9,5,0,0.0,-0.2,-1.0,74,27,1,36,0,49
00-0032951,Laquon Treadwell,IND,WR,2026,2,48,74.0,0,0.0,0,0.0,25,75.8,3,10.0,3,0,0.0,18.0,54.0,65,32,2,30,1,33
00-0038559,Michael Wilson,ARI,WR,2026,2,47,94.0,0,0.0,0,0.0,31,100.0,7,26.9,2,0,0.0,7.1,50.0,50,17,0,26,2,31
00-0041042,Malachi Fields,NYG,WR,2026,2,47,81.0,0,0.0,0,0.0,28,82.4,6,18.8,2,0,0.0,21.8,131.0,58,21,1,32,1,34
00-0038543,Jaxon Smith-Njigba,SEA,WR,2026,2,47,67.0,0,0.0,0,0.0,24,88.9,11,42.3,9,2,66.7,11.0,121.0,70,40,8,26,3,27
00-0038393,Dontayvion Wicks,PHI,WR,2026,2,47,62.0,0,0.0,0,0.0,28,65.1,6,17.6,5,0,0.0,11.5,69.0,76,32,1,34,4,43
00-0038104,Tyquan Thornton,KC,WR,2026,2,47,59.0,0,0.0,0,0.0,36,70.6,4,9.3,4,0,0.0,21.2,85.0,80,29,3,43,3,51
00-0032464,Kalif Raymond,CHI,WR,2026,2,46,62.0,0,0.0,0,0.0,32,76.2,5,16.7,5,0,0.0,1.4,7.0,74,31,1,30,2,42
00-0038994,Jordan Addison,MIN,WR,2026,2,46,88.0,0,0.0,0,0.0,23,95.8,5,26.3,2,0,0.0,8.6,43.0,52,28,0,19,1,24
00-0036894,Pat Freiermuth,PIT,TE,2026,2,46,66.0,1,4.3,0,0.0,29,63.0,5,13.5,4,0,0.0,9.4,47.0,70,23,0,37,0,46
00-0040584,Gunnar Helm,TEN,TE,2026,2,46,87.0,0,0.0,0,0.0,18,75.0,2,11.8,2,0,0.0,-0.5,-1.0,53,29,4,17,1,24
00-0034348,Courtland Sutton,DEN,WR,2026,2,45,73.0,0,0.0,0,0.0,28,87.5,4,13.8,3,1,50.0,7.8,31.0,62,28,4,29,2,32
00-0039040,De'Von Achane,MIA,RB,2026,2,45,76.0,20,69.0,1,100.0,19,67.9,6,26.1,3,0,0.0,4.0,24.0,59,29,1,23,0,28
00-0036244,Colby Parkinson,LA,TE,2026,2,44,71.0,0,0.0,0,0.0,10,30.3,2,6.7,2,0,0.0,-1.5,-3.0,62,28,0,30,2,33
00-0036997,Javonte Williams,DAL,RB,2026,2,44,80.0,12,57.1,1,100.0,14,38.9,4,12.9,3,0,0.0,-3.0,-12.0,55,21,1,31,4,36
00-0037744,Trey McBride,ARI,TE,2026,2,44,88.0,0,0.0,0,0.0,25,80.6,10,38.5,8,2,100.0,3.6,36.0,50,17,0,26,2,31
00-0039880,Malik Washington,MIA,WR,2026,2,43,73.0,1,3.4,0,0.0,23,82.1,5,21.7,4,0,0.0,5.4,27.0,59,29,1,23,0,28
00-0037238,Drake London,ATL,WR,2026,2,43,62.0,1,3.1,0,0.0,21,53.8,5,16.1,4,0,0.0,4.6,23.0,69,32,0,31,0,39
00-0036410,Tee Higgins,CIN,WR,2026,2,43,72.0,0,0.0,0,0.0,29,80.6,10,32.3,5,0,0.0,9.3,93.0,60,23,0,31,2,36
00-0040590,Konata Mumpfield,LA,WR,2026,2,43,69.0,0,0.0,0,0.0,21,63.6,2,6.7,1,0,0.0,11.5,23.0,62,28,0,30,2,33
00-0040666,Omarion Hampton,LAC,RB,2026,2,43,63.0,23,71.9,1,50.0,9,29.0,2,7.7,2,0,0.0,-4.0,-8.0,68,32,2,26,1,31
00-0036555,Chuba Hubbard,CAR,RB,2026,2,43,65.0,12,54.5,0,0.0,16,41.0,2,6.2,2,0,0.0,-2.0,-4.0,66,22,0,32,6,39
00-0039337,Malik Nabers,NYG,WR,2026,2,43,74.0,0,0.0,0,0.0,28,82.4,4,12.5,1,1,100.0,19.2,77.0,58,21,1,32,1,34
00-0040735,Luther Burden III,CHI,WR,2026,2,42,57.0,0,0.0,0,0.0,30,71.4,7,23.3,3,1,50.0,12.4,87.0,74,31,1,30,2,42
00-0036309,Darnell Mooney,NYG,WR,2026,2,42,72.0,0,0.0,0,0.0,31,91.2,3,9.4,2,0,0.0,11.7,35.0,58,21,1,32,1,34
00-0039410,Ryan Flournoy,DAL,WR,2026,2,42,76.0,0,0.0,0,0.0,29,80.6,6,19.4,5,0,0.0,1.3,8.0,55,21,1,31,4,36
00-0033293,Aaron Jones,MIN,RB,2026,2,42,81.0,23,82.1,0,0.0,10,41.7,0,0.0,0,0,0.0,0.0,0.0,52,28,0,19,1,24
00-0035685,David Montgomery,HOU,RB,2026,2,42,52.0,6,33.3,0,0.0,28,45.2,2,4.0,2,0,0.0,4.5,9.0,80,18,0,50,4,62
00-0038046,Charlie Kolar,LAC,TE,2026,2,42,62.0,0,0.0,0,0.0,12,38.7,3,11.5,3,0,0.0,3.7,11.0,68,32,2,26,1,31
00-0038597,Chase Brown,CIN,RB,2026,2,42,70.0,20,87.0,0,0.0,17,47.2,5,16.1,3,0,0.0,-3.0,-15.0,60,23,0,31,2,36
00-0037247,George Pickens,DAL,WR,2026,2,42,76.0,0,0.0,0,0.0,29,80.6,8,25.8,6,0,0.0,10.4,83.0,55,21,1,31,4,36
00-0036358,CeeDee Lamb,DAL,WR,2026,2,41,75.0,0,0.0,0,0.0,28,77.8,9,29.0,8,2,50.0,15.1,136.0,55,21,1,31,4,36
00-0034753,Mark Andrews,BAL,TE,2026,2,41,71.0,0,0.0,0,0.0,28,73.7,7,24.1,6,0,0.0,6.7,47.0,58,22,1,29,1,38
00-0040134,Pat Bryant,DEN,WR,2026,2,41,66.0,1,3.6,0,0.0,24,75.0,1,3.4,0,0,0.0,5.0,5.0,62,28,4,29,2,32
00-0038728,Jared Wayne,HOU,WR,2026,2,40,50.0,0,0.0,0,0.0,28,45.2,7,14.0,2,1,25.0,14.9,104.0,80,18,0,50,4,62
00-0031381,Davante Adams,LA,WR,2026,2,40,65.0,0,0.0,0,0.0,27,81.8,10,33.3,8,1,50.0,19.8,198.0,62,28,0,30,2,33
00-0037838,Isaiah Likely,NYG,TE,2026,2,40,69.0,0,0.0,0,0.0,29,85.3,10,31.2,5,0,0.0,4.8,48.0,58,21,1,32,1,34
00-0036637,Noah Gray,KC,TE,2026,2,40,50.0,0,0.0,0,0.0,15,29.4,1,2.3,0,0,0.0,11.0,11.0,80,29,3,43,3,51
00-0041438,Carnell Tate,TEN,WR,2026,2,40,75.0,0,0.0,0,0.0,20,83.3,5,29.4,3,0,0.0,10.0,50.0,53,29,4,17,1,24
00-0036422,Adam Trautman,DEN,TE,2026,2,40,65.0,0,0.0,0,0.0,9,28.1,0,0.0,0,0,0.0,0.0,0.0,62,28,4,29,2,32
00-0033555,Mack Hollins,NE,WR,2026,2,39,71.0,0,0.0,0,0.0,21,77.8,2,9.5,2,0,0.0,6.0,12.0,55,28,0,21,0,27
00-0039746,Will Shipley,PHI,RB,2026,2,39,51.0,7,21.9,0,0.0,24,55.8,2,5.9,2,0,0.0,0.0,0.0,76,32,1,34,4,43
00-0040784,Quinshon Judkins,CLE,RB,2026,2,39,67.0,12,52.2,0,0.0,12,34.3,5,16.7,5,0,0.0,-1.6,-8.0,58,23,0,30,1,35
00-0037545,Rashid Shaheed,SEA,WR,2026,2,39,56.0,1,2.5,0,0.0,22,81.5,6,23.1,3,0,0.0,11.2,67.0,70,40,8,26,3,27
00-0036626,Dyami Brown,WAS,WR,2026,2,39,55.0,0,0.0,0,0.0,23,54.8,6,17.6,4,2,25.0,8.0,48.0,71,32,1,34,8,42
00-0040583,Woody Marks,HOU,RB,2026,2,38,48.0,8,44.4,0,0.0,24,38.7,6,12.0,5,0,0.0,1.8,11.0,80,18,0,50,4,62
00-0040187,Mitchell Evans,CAR,TE,2026,2,38,58.0,0,0.0,0,0.0,12,30.8,1,3.1,1,0,0.0,-1.0,-1.0,66,22,0,32,6,39
00-0036613,Jaylen Waddle,DEN,WR,2026,2,38,61.0,0,0.0,0,0.0,22,68.8,10,34.5,8,0,0.0,15.3,153.0,62,28,4,29,2,32
00-0037291,Jalen Nailor,LV,WR,2026,2,38,60.0,0,0.0,0,0.0,21,65.6,3,10.3,1,1,25.0,9.0,27.0,63,29,4,29,4,32
00-0041547,KC Concepcion,CLE,WR,2026,2,38,66.0,1,4.3,0,0.0,26,74.3,6,20.0,6,0,0.0,2.0,12.0,58,23,0,30,1,35
00-0037816,Romeo Doubs,NE,WR,2026,2,37,67.0,0,0.0,0,0.0,20,74.1,4,19.0,3,0,0.0,19.0,76.0,55,28,0,21,0,27
00-0036973,Travis Etienne,NO,RB,2026,2,37,54.0,9,32.1,1,33.3,13,33.3,2,6.2,2,0,0.0,-3.5,-7.0,68,28,3,32,2,39
00-0039849,Marvin Harrison Jr.,ARI,WR,2026,2,37,74.0,0,0.0,0,0.0,28,90.3,1,3.8,0,0,0.0,3.0,3.0,50,17,0,26,2,31
00-0037256,Rachaad White,WAS,RB,2026,2,37,52.0,7,21.9,1,100.0,23,54.8,6,17.6,6,0,0.0,1.3,8.0,71,32,1,34,8,42
00-0038563,Tre Tucker,LV,WR,2026,2,37,59.0,0,0.0,0,0.0,24,75.0,7,24.1,5,1,25.0,20.4,143.0,63,29,4,29,4,32
00-0038558,Darnell Washington,PIT,TE,2026,2,37,53.0,0,0.0,0,0.0,12,26.1,2,5.4,1,0,0.0,2.0,4.0,70,23,0,37,0,46
00-0037005,Tommy Tremble,CAR,TE,2026,2,37,56.0,0,0.0,0,0.0,17,43.6,2,6.2,1,0,0.0,9.5,19.0,66,22,0,32,6,39
00-0040194,Jackson Hawes,BUF,TE,2026,2,37,50.0,0,0.0,0,0.0,6,15.8,0,0.0,0,0,0.0,0.0,0.0,74,36,4,28,2,38
00-0035229,T.J. Hockenson,MIN,TE,2026,2,36,69.0,0,0.0,0,0.0,19,79.2,4,21.1,3,0,0.0,8.0,32.0,52,28,0,19,1,24
00-0040737,Terrance Ferguson,LA,TE,2026,2,36,58.0,0,0.0,0,0.0,23,69.7,9,30.0,6,1,50.0,6.0,54.0,62,28,0,30,2,33
00-0037261,Khalil Shakir,BUF,WR,2026,2,36,49.0,0,0.0,0,0.0,21,55.3,6,21.4,3,0,0.0,12.2,73.0,74,36,4,28,2,38
00-0036040,Juwan Johnson,NO,TE,2026,2,36,53.0,0,0.0,0,0.0,23,59.0,4,12.5,4,0,0.0,2.8,11.0,68,28,3,32,2,39
00-0031588,Stefon Diggs,WAS,WR,2026,2,36,51.0,0,0.0,0,0.0,23,54.8,6,17.6,5,2,25.0,12.0,72.0,71,32,1,34,8,42
00-0035631,Drew Sample,CIN,TE,2026,2,36,60.0,0,0.0,0,0.0,13,36.1,0,0.0,0,0,0.0,0.0,0.0,60,23,0,31,2,36
00-0037252,Greg Dulcich,MIA,TE,2026,2,36,61.0,0,0.0,0,0.0,17,60.7,3,13.0,2,0,0.0,3.3,10.0,59,29,1,23,0,28
00-0038542,Bijan Robinson,ATL,RB,2026,2,35,51.0,16,50.0,0,0.0,12,30.8,4,12.9,3,0,0.0,3.0,12.0,69,32,0,31,0,39
00-0041040,Antonio Williams,WAS,WR,2026,2,35,49.0,0,0.0,0,0.0,23,54.8,3,8.8,3,0,0.0,5.3,16.0,71,32,1,34,8,42
00-0040736,Mason Taylor,NYJ,TE,2026,2,34,46.0,0,0.0,0,0.0,23,46.9,0,0.0,0,0,0.0,0.0,0.0,74,27,1,36,0,49
00-0037840,Kyren Williams,LA,RB,2026,2,34,55.0,12,42.9,0,0.0,17,51.5,2,6.7,2,0,0.0,2.5,5.0,62,28,0,30,2,33
00-0036463,Chris Blair,ATL,WR,2026,2,34,49.0,0,0.0,0,0.0,20,51.3,3,9.7,1,0,0.0,8.0,24.0,69,32,0,31,0,39
00-0040729,Jack Bech,LV,WR,2026,2,34,54.0,0,0.0,0,0.0,21,65.6,2,6.9,2,0,0.0,9.0,18.0,63,29,4,29,4,32
00-0036407,Jerry Jeudy,CLE,WR,2026,2,34,59.0,0,0.0,0,0.0,24,68.6,1,3.3,0,0,0.0,10.0,10.0,58,23,0,30,1,35
00-0036429,Charlie Woerner,ATL,TE,2026,2,34,49.0,0,0.0,0,0.0,12,30.8,1,3.2,0,0,0.0,1.0,1.0,69,32,0,31,0,39
00-0040715,Cam Skattebo,NYG,RB,2026,2,34,59.0,12,57.1,0,0.0,18,52.9,4,12.5,4,0,0.0,-1.0,-4.0,58,21,1,32,1,34
00-0037746,Brian Robinson,ATL,RB,2026,2,33,48.0,11,34.4,0,0.0,12,30.8,2,6.5,2,0,0.0,0.0,0.0,69,32,0,31,0,39
00-0038041,Jake Ferguson,DAL,TE,2026,2,33,60.0,0,0.0,0,0.0,23,63.9,4,12.9,4,2,50.0,7.2,29.0,55,21,1,31,4,36
00-0039342,Xavier Legette,CAR,WR,2026,2,33,50.0,0,0.0,0,0.0,26,66.7,4,12.5,2,1,16.7,19.2,77.0,66,22,0,32,6,39
00-0034837,Calvin Ridley,TEN,WR,2026,2,33,62.0,0,0.0,0,0.0,13,54.2,2,11.8,2,0,0.0,13.5,27.0,53,29,4,17,1,24
00-0030279,Keenan Allen,IND,WR,2026,2,33,51.0,0,0.0,0,0.0,20,60.6,5,16.7,1,0,0.0,6.2,31.0,65,32,2,30,1,33
00-0040734,TreVeyon Henderson,NE,RB,2026,2,33,60.0,16,57.1,0,0.0,11,40.7,0,0.0,0,0,0.0,0.0,0.0,55,28,0,21,0,27
00-0039893,Brian Thomas Jr.,JAC,WR,2026,2,32,54.0,0,0.0,0,0.0,23,74.2,8,28.6,3,0,0.0,10.2,82.0,59,24,2,28,0,31
00-0038619,Andrei Iosivas,CIN,WR,2026,2,32,53.0,0,0.0,0,0.0,23,63.9,1,3.2,1,0,0.0,6.0,6.0,60,23,0,31,2,36
00-0033881,Evan Engram,DEN,TE,2026,2,32,52.0,0,0.0,0,0.0,13,40.6,1,3.4,1,0,0.0,17.0,17.0,62,28,4,29,2,32
00-0032398,Chris Moore,BAL,WR,2026,2,32,55.0,0,0.0,0,0.0,18,47.4,3,10.3,1,0,0.0,31.0,93.0,58,22,1,29,1,38
00-0037263,Tyler Allgeier,ARI,RB,2026,2,32,64.0,5,29.4,0,0.0,17,54.8,2,7.7,2,0,0.0,-1.5,-3.0,50,17,0,26,2,31
00-0034798,Durham Smythe,BAL,TE,2026,2,32,55.0,0,0.0,0,0.0,12,31.6,1,3.4,0,0,0.0,-3.0,-3.0,58,22,1,29,1,38
00-0039074,Davis Allen,LA,TE,2026,2,32,52.0,0,0.0,0,0.0,5,15.2,1,3.3,1,0,0.0,2.0,2.0,62,28,0,30,2,33
00-0035719,Deebo Samuel Sr.,SF,WR,2026,2,31,60.0,1,3.7,0,0.0,20,80.0,4,19.0,3,0,0.0,4.8,19.0,52,27,5,21,1,25
00-0034365,Ian Thomas,LV,TE,2026,2,31,49.0,0,0.0,0,0.0,8,25.0,1,3.4,1,0,0.0,1.0,1.0,63,29,4,29,4,32
00-0035249,Josh Oliver,MIN,TE,2026,2,31,60.0,0,0.0,0,0.0,4,16.7,1,5.3,1,0,0.0,5.0,5.0,52,28,0,19,1,24
00-0040075,LaJohntay Wester,BAL,WR,2026,2,31,53.0,0,0.0,0,0.0,23,60.5,2,6.9,1,0,0.0,5.0,10.0,58,22,1,29,1,38
00-0032764,Derrick Henry,BAL,RB,2026,2,31,53.0,16,72.7,1,100.0,12,31.6,3,10.3,3,0,0.0,-4.3,-13.0,58,22,1,29,1,38
00-0040024,Darius Cooper,PHI,WR,2026,2,31,41.0,0,0.0,0,0.0,15,34.9,3,8.8,2,1,25.0,8.3,25.0,76,32,1,34,4,43
00-0039915,Ladd McConkey,LAC,WR,2026,2,31,46.0,0,0.0,0,0.0,22,71.0,3,11.5,3,0,0.0,11.3,34.0,68,32,2,26,1,31
00-0040719,Bhayshul Tuten,JAC,RB,2026,2,30,51.0,13,54.2,1,50.0,12,38.7,2,7.1,2,0,0.0,-4.0,-8.0,59,24,2,28,0,31
00-0033307,Kendrick Bourne,ARI,WR,2026,2,30,60.0,0,0.0,0,0.0,24,77.4,3,11.5,2,0,0.0,3.3,10.0,50,17,0,26,2,31
00-0040189,Oronde Gadsden II,LAC,TE,2026,2,30,44.0,0,0.0,0,0.0,14,45.2,2,7.7,2,1,100.0,9.0,18.0,68,32,2,26,1,31
00-0035208,Olamide Zaccheaus,ATL,WR,2026,2,30,43.0,0,0.0,0,0.0,21,53.8,3,9.7,1,0,0.0,2.3,7.0,69,32,0,31,0,39
00-0033908,Cooper Kupp,SEA,WR,2026,2,30,43.0,0,0.0,0,0.0,14,51.9,2,7.7,2,0,0.0,7.0,14.0,70,40,8,26,3,27
00-0032392,Austin Hooper,ATL,TE,2026,2,30,43.0,0,0.0,0,0.0,20,51.3,4,12.9,2,0,0.0,3.2,13.0,69,32,0,31,0,39
00-0035644,Noah Fant,NO,TE,2026,2,30,44.0,0,0.0,0,0.0,10,25.6,0,0.0,0,0,0.0,0.0,0.0,68,28,3,32,2,39
00-0031610,Darren Waller,CAR,TE,2026,2,29,44.0,0,0.0,0,0.0,22,56.4,3,9.4,3,2,33.3,8.7,26.0,66,22,0,32,6,39
00-0038797,Emanuel Wilson,SEA,RB,2026,2,29,41.0,21,52.5,4,50.0,4,14.8,1,3.8,0,0,0.0,1.0,1.0,70,40,8,26,3,27
00-0035261,Tony Pollard,TEN,RB,2026,2,29,55.0,14,48.3,1,25.0,11,45.8,1,5.9,1,0,0.0,-7.0,-7.0,53,29,4,17,1,24
00-0036988,Josh Palmer,BUF,WR,2026,2,28,38.0,0,0.0,0,0.0,17,44.7,3,10.7,1,0,0.0,13.0,39.0,74,36,4,28,2,38
00-0031408,Mike Evans,SF,WR,2026,2,28,54.0,0,0.0,0,0.0,18,72.0,3,14.3,3,0,0.0,13.3,40.0,52,27,5,21,1,25
00-0039738,Blake Corum,LA,RB,2026,2,28,45.0,12,42.9,0,0.0,7,21.2,1,3.3,1,0,0.0,-6.0,-6.0,62,28,0,30,2,33
00-0040170,Elic Ayomanor,TEN,WR,2026,2,28,53.0,0,0.0,0,0.0,13,54.2,3,17.6,2,1,100.0,11.0,33.0,53,29,4,17,1,24
00-0036887,Luke Farrell,SF,TE,2026,2,28,54.0,0,0.0,0,0.0,11,44.0,0,0.0,0,0,0.0,0.0,0.0,52,27,5,21,1,25
00-0038117,Wan'Dale Robinson,TEN,WR,2026,2,28,53.0,0,0.0,0,0.0,18,75.0,1,5.9,1,0,0.0,6.0,6.0,53,29,4,17,1,24
00-0041524,Will Kacmarek,MIA,TE,2026,2,28,47.0,0,0.0,0,0.0,9,32.1,1,4.3,1,0,0.0,2.0,2.0,59,29,1,23,0,28
00-0041032,Kenyon Sadiq,NYJ,TE,2026,2,27,36.0,0,0.0,0,0.0,22,44.9,3,8.3,2,0,0.0,2.7,8.0,74,27,1,36,0,49
00-0041529,Kevin Coleman Jr.,MIA,WR,2026,2,27,46.0,0,0.0,0,0.0,14,50.0,0,0.0,0,0,0.0,0.0,0.0,59,29,1,23,0,28
00-0038710,Blake Whiteheart,CLE,TE,2026,2,27,47.0,0,0.0,0,0.0,9,25.7,2,6.7,1,0,0.0,3.0,6.0,58,23,0,30,1,35
00-0033280,Christian McCaffrey,SF,RB,2026,2,27,52.0,10,37.0,4,80.0,12,48.0,4,19.0,4,0,0.0,2.8,11.0,52,27,5,21,1,25
00-0038685,Chris Brooks,GB,RB,2026,2,27,46.0,4,22.2,0,0.0,12,37.5,2,6.9,1,0,0.0,-1.0,-2.0,59,18,0,29,1,32
00-0034975,Justice Hill,BAL,RB,2026,2,27,47.0,2,9.1,0,0.0,18,47.4,2,6.9,2,0,0.0,-4.5,-9.0,58,22,1,29,1,38
00-0038555,Tank Bigsby,PHI,RB,2026,2,26,34.0,13,40.6,1,100.0,7,16.3,2,5.9,2,0,0.0,-4.0,-8.0,76,32,1,34,4,43
00-0040242,Jacory Croskey-Merritt,WAS,RB,2026,2,26,37.0,12,37.5,0,0.0,4,9.5,1,2.9,1,0,0.0,-1.0,-1.0,71,32,1,34,8,42
00-0038359,Xavier Smith,LA,WR,2026,2,26,42.0,0,0.0,0,0.0,19,57.6,1,3.3,0,0,0.0,0.0,0.0,62,28,0,30,2,33
00-0036970,Kyle Pitts,ATL,TE,2026,2,26,38.0,0,0.0,0,0.0,17,43.6,3,9.7,1,0,0.0,8.7,26.0,69,32,0,31,0,39
00-0040506,Myles Price,MIN,WR,2026,2,26,50.0,0,0.0,0,0.0,19,79.2,1,5.3,0,0,0.0,2.0,2.0,52,28,0,19,1,24
00-0038621,DeMario Douglas,NE,WR,2026,2,26,47.0,0,0.0,0,0.0,18,66.7,2,9.5,1,0,0.0,0.0,0.0,55,28,0,21,0,27
00-0040236,Kyle Monangai,CHI,RB,2026,2,25,34.0,10,32.3,0,0.0,5,11.9,2,6.7,2,0,0.0,0.5,1.0,74,31,1,30,2,42
00-0041496,Jonah Coleman,DEN,RB,2026,2,25,40.0,10,35.7,1,25.0,6,18.8,3,10.3,3,0,0.0,0.0,0.0,62,28,4,29,2,32
00-0038498,E.J. Jenkins,PHI,TE,2026,2,25,33.0,0,0.0,0,0.0,9,20.9,0,0.0,0,0,0.0,0.0,0.0,76,32,1,34,4,43
00-0037805,Jeremy Ruckert,NYJ,TE,2026,2,25,34.0,0,0.0,0,0.0,11,22.4,2,5.6,2,0,0.0,-5.0,-10.0,74,27,1,36,0,49
00-0033217,Mo Alie-Cox,IND,TE,2026,2,25,38.0,0,0.0,0,0.0,4,12.1,0,0.0,0,0,0.0,0.0,0.0,65,32,2,30,1,33
00-0033288,George Kittle,SF,TE,2026,2,25,48.0,0,0.0,0,0.0,14,56.0,4,19.0,4,1,100.0,12.5,50.0,52,27,5,21,1,25
00-0039814,Erick All,CIN,TE,2026,2,25,42.0,0,0.0,0,0.0,5,13.9,3,9.7,2,0,0.0,-0.3,-1.0,60,23,0,31,2,36
00-0038115,Daniel Bellinger,TEN,TE,2026,2,24,45.0,0,0.0,0,0.0,4,16.7,1,5.9,0,0,0.0,4.0,4.0,53,29,4,17,1,24
00-0039365,Jacob Cowing,SF,WR,2026,2,24,46.0,0,0.0,0,0.0,8,32.0,0,0.0,0,0,0.0,0.0,0.0,52,27,5,21,1,25
00-0041525,Chris Bell,MIA,WR,2026,2,24,41.0,0,0.0,0,0.0,11,39.3,1,4.3,0,0,0.0,12.0,12.0,59,29,1,23,0,28
00-0033526,Samaje Perine,CIN,RB,2026,2,24,40.0,2,8.7,0,0.0,15,41.7,1,3.2,1,0,0.0,7.0,7.0,60,23,0,31,2,36
00-0041512,Jadarian Price,SEA,RB,2026,2,24,34.0,13,32.5,1,12.5,7,25.9,2,7.7,1,1,33.3,8.0,16.0,70,40,8,26,3,27
00-0034827,DJ Moore,BUF,WR,2026,2,23,31.0,1,2.8,0,0.0,9,23.7,0,0.0,0,0,0.0,0.0,0.0,74,36,4,28,2,38
00-0036919,Kenny Gainwell,TB,RB,2026,2,23,35.0,2,8.0,0,0.0,12,29.3,4,12.1,3,0,0.0,-3.8,-15.0,65,25,0,33,4,41
00-0039794,Braelon Allen,NYJ,RB,2026,2,23,31.0,5,18.5,1,100.0,11,22.4,1,2.8,1,0,0.0,3.0,3.0,74,27,1,36,0,49
00-0038783,Nate Adkins,DEN,TE,2026,2,23,37.0,1,3.6,0,0.0,8,25.0,3,10.3,3,0,0.0,8.0,24.0,62,28,4,29,2,32
00-0034981,Foster Moreau,HOU,TE,2026,2,23,29.0,0,0.0,0,0.0,10,16.1,2,4.0,2,0,0.0,7.0,14.0,80,18,0,50,4,62
00-0041503,Nate Boerkircher,JAC,TE,2026,2,23,39.0,0,0.0,0,0.0,7,22.6,0,0.0,0,0,0.0,0.0,0.0,59,24,2,28,0,31
00-0036628,John Bates,WAS,TE,2026,2,22,31.0,0,0.0,0,0.0,4,9.5,0,0.0,0,0,0.0,0.0,0.0,71,32,1,34,8,42
00-0040648,Tory Horton,SEA,WR,2026,2,22,31.0,0,0.0,0,0.0,5,18.5,0,0.0,0,0,0.0,0.0,0.0,70,40,8,26,3,27
00-0037755,Jelani Woods,NYJ,TE,2026,2,21,28.0,0,0.0,0,0.0,4,8.2,0,0.0,0,0,0.0,0.0,0.0,74,27,1,36,0,49
00-0037742,Treylon Burks,WAS,WR,2026,2,21,30.0,0,0.0,0,0.0,10,23.8,1,2.9,0,1,12.5,56.0,56.0,71,32,1,34,8,42
00-0038090,Skyy Moore,GB,WR,2026,2,21,36.0,0,0.0,0,0.0,16,50.0,3,10.3,2,0,0.0,14.3,43.0,59,18,0,29,1,32
00-0039686,Colson Yankoff,WAS,TE,2026,2,21,30.0,0,0.0,0,0.0,17,40.5,1,2.9,1,0,0.0,4.0,4.0,71,32,1,34,8,42
00-0034829,Mike Gesicki,CIN,TE,2026,2,21,35.0,0,0.0,0,0.0,20,55.6,0,0.0,0,0,0.0,0.0,0.0,60,23,0,31,2,36
00-0036158,J.K. Dobbins,DEN,RB,2026,2,21,34.0,10,35.7,3,75.0,5,15.6,0,0.0,0,0,0.0,0.0,0.0,62,28,4,29,2,32
00-0039530,Brevyn Spann-Ford,DAL,TE,2026,2,21,38.0,0,0.0,0,0.0,5,13.9,0,0.0,0,0,0.0,0.0,0.0,55,21,1,31,4,36
00-0041326,CJ Donaldson,NO,RB,2026,2,20,29.0,1,3.6,0,0.0,5,12.8,0,0.0,0,0,0.0,0.0,0.0,68,28,3,32,2,39
00-0041027,Jeremiyah Love,ARI,RB,2026,2,20,40.0,9,52.9,0,0.0,8,25.8,3,11.5,3,0,0.0,0.0,0.0,50,17,0,26,2,31
00-0033906,Alvin Kamara,NO,RB,2026,2,20,29.0,9,32.1,0,0.0,9,23.1,6,18.8,5,0,0.0,-1.0,-6.0,68,28,3,32,2,39
00-0041558,Sam Roush,CHI,TE,2026,2,20,27.0,0,0.0,0,0.0,6,14.3,3,10.0,1,0,0.0,5.3,16.0,74,31,1,30,2,42
00-0040598,Mark Redman,GB,TE,2026,2,20,34.0,0,0.0,0,0.0,5,15.6,0,0.0,0,0,0.0,0.0,0.0,59,18,0,29,1,32
00-0036875,Rhamondre Stevenson,NE,RB,2026,2,20,36.0,6,21.4,0,0.0,10,37.0,2,9.5,1,0,0.0,1.5,3.0,55,28,0,21,0,27
00-0039344,Jonathon Brooks,CAR,RB,2026,2,20,30.0,5,22.7,0,0.0,11,28.2,1,3.1,1,0,0.0,-6.0,-6.0,66,22,0,32,6,39
00-0034854,KhaDarel Hodge,SF,WR,2026,2,20,38.0,0,0.0,0,0.0,7,28.0,1,4.8,1,0,0.0,15.0,15.0,52,27,5,21,1,25
00-0040237,Tez Johnson,TB,WR,2026,2,19,29.0,0,0.0,0,0.0,16,39.0,4,12.1,1,0,0.0,38.0,152.0,65,25,0,33,4,41
00-0034351,Dallas Goedert,PHI,TE,2026,2,19,25.0,0,0.0,0,0.0,9,20.9,2,5.9,1,0,0.0,2.0,4.0,76,32,1,34,4,43
00-0037292,Andrew Ogletree,IND,TE,2026,2,19,29.0,0,0.0,0,0.0,5,15.2,1,3.3,0,0,0.0,4.0,4.0,65,32,2,30,1,33
00-0040058,Nick Kallerup,SEA,TE,2026,2,19,27.0,0,0.0,0,0.0,0,0.0,0,0.0,0,0,0.0,0.0,0.0,70,40,8,26,3,27
00-0039032,Tyjae Spears,TEN,RB,2026,2,19,36.0,7,24.1,0,0.0,7,29.2,2,11.8,2,0,0.0,0.5,1.0,53,29,4,17,1,24
00-0040879,Matthew Hibner,BAL,TE,2026,2,19,33.0,0,0.0,0,0.0,10,26.3,0,0.0,0,0,0.0,0.0,0.0,58,22,1,29,1,38
00-0039299,George Holani,SEA,RB,2026,2,18,26.0,4,10.0,2,25.0,10,37.0,1,3.8,1,0,0.0,-4.0,-4.0,70,40,8,26,3,27
00-0036139,Rico Dowdle,PIT,RB,2026,2,18,26.0,7,30.4,0,0.0,6,13.0,2,5.4,2,0,0.0,1.0,2.0,70,23,0,37,0,46
00-0031484,Chris Manhertz,NYG,TE,2026,2,18,31.0,0,0.0,0,0.0,4,11.8,0,0.0,0,0,0.0,0.0,0.0,58,21,1,32,1,34
00-0033576,Eric Saubert,SEA,TE,2026,2,17,24.0,0,0.0,0,0.0,4,14.8,1,3.8,1,0,0.0,-10.0,-10.0,70,40,8,26,3,27
00-0038454,Keaton Mitchell,LAC,RB,2026,2,17,25.0,5,15.6,0,0.0,8,25.8,1,3.8,1,0,0.0,3.0,3.0,68,32,2,26,1,31
00-0035662,Marquise Brown,PHI,WR,2026,2,17,22.0,2,6.2,0,0.0,8,18.6,0,0.0,0,0,0.0,0.0,0.0,76,32,1,34,4,43
00-0037664,Alec Pierce,IND,WR,2026,2,17,26.0,0,0.0,0,0.0,7,21.2,1,3.3,1,0,0.0,10.0,10.0,65,32,2,30,1,33
00-0041052,Kaelon Black,SF,RB,2026,2,17,33.0,7,25.9,0,0.0,6,24.0,0,0.0,0,0,0.0,0.0,0.0,52,27,5,21,1,25
00-0039792,Devontez Walker,BAL,WR,2026,2,17,29.0,0,0.0,0,0.0,16,42.1,2,6.9,1,0,0.0,30.0,60.0,58,22,1,29,1,38
00-0036754,Brock Wright,DET,TE,2026,2,17,26.0,0,0.0,0,0.0,5,11.4,0,0.0,0,0,0.0,0.0,0.0,65,20,0,38,4,44
00-0037085,Tyler Badie,DEN,RB,2026,2,16,26.0,1,3.6,0,0.0,6,18.8,3,10.3,2,0,0.0,-3.0,-9.0,62,28,4,29,2,32
00-0032775,Demarcus Robinson,SF,WR,2026,2,16,31.0,0,0.0,0,0.0,7,28.0,3,14.3,3,0,0.0,9.0,27.0,52,27,5,21,1,25
00-0039811,MarShawn Lloyd,GB,RB,2026,2,16,27.0,6,33.3,0,0.0,7,21.9,2,6.9,2,0,0.0,-2.0,-4.0,59,18,0,29,1,32
00-0040142,Kaleb Johnson,GB,RB,2026,2,16,27.0,8,44.4,0,0.0,4,12.5,0,0.0,0,0,0.0,0.0,0.0,59,18,0,29,1,32
00-0039847,Theo Johnson,NYG,TE,2026,2,16,28.0,0,0.0,0,0.0,6,17.6,4,12.5,0,0,0.0,13.8,55.0,58,21,1,32,1,34
00-0038547,Luke Schoonmaker,DAL,TE,2026,2,16,29.0,0,0.0,0,0.0,7,19.4,0,0.0,0,0,0.0,0.0,0.0,55,21,1,31,4,36
00-0033110,Tyler Higbee,LA,TE,2026,2,16,26.0,0,0.0,0,0.0,4,12.1,0,0.0,0,0,0.0,0.0,0.0,62,28,0,30,2,33
00-0040739,Elijah Arroyo,SEA,TE,2026,2,15,21.0,0,0.0,0,0.0,11,40.7,1,3.8,1,0,0.0,14.0,14.0,70,40,8,26,3,27
00-0035250,Devin Singletary,NYG,RB,2026,2,15,26.0,3,14.3,0,0.0,9,26.5,1,3.1,0,0,0.0,-1.0,-1.0,58,21,1,32,1,34
00-0036862,Ben Skowronek,PIT,WR,2026,2,15,21.0,0,0.0,0,0.0,3,6.5,1,2.7,1,0,0.0,1.0,1.0,70,23,0,37,0,46
00-0037004,Hunter Long,ARI,TE,2026,2,15,30.0,0,0.0,0,0.0,3,9.7,0,0.0,0,0,0.0,0.0,0.0,50,17,0,26,2,31
00-0041044,Zachariah Branch,ATL,WR,2026,2,14,20.0,0,0.0,0,0.0,7,17.9,2,6.5,2,0,0.0,-3.5,-7.0,69,32,0,31,0,39
00-0036630,Tylan Wallace,CLE,WR,2026,2,14,24.0,0,0.0,0,0.0,6,17.1,0,0.0,0,0,0.0,0.0,0.0,58,23,0,30,1,35
00-0037317,Nick Muse,ATL,TE,2026,2,14,20.0,0,0.0,0,0.0,5,12.8,0,0.0,0,0,0.0,0.0,0.0,69,32,0,31,0,39
00-0041013,Emmett Johnson,KC,RB,2026,2,14,18.0,2,6.9,0,0.0,10,19.6,2,4.7,2,0,0.0,-2.0,-4.0,80,29,3,43,3,51
00-0038564,Cameron Latu,NE,TE,2026,2,14,25.0,0,0.0,0,0.0,2,7.4,0,0.0,0,0,0.0,0.0,0.0,55,28,0,21,0,27
00-0036590,Quintin Morris,JAC,TE,2026,2,13,22.0,0,0.0,0,0.0,3,9.7,1,3.6,1,0,0.0,3.0,3.0,59,24,2,28,0,31
00-0039868,Troy Franklin,DEN,WR,2026,2,13,21.0,0,0.0,0,0.0,10,31.2,2,6.9,1,1,50.0,16.5,33.0,62,28,4,29,2,32
00-0038611,Chris Rodriguez Jr.,JAC,RB,2026,2,13,22.0,6,25.0,1,50.0,4,12.9,0,0.0,0,0,0.0,0.0,0.0,59,24,2,28,0,31
00-0039041,Elijah Higgins,ARI,TE,2026,2,13,26.0,0,0.0,0,0.0,3,9.7,0,0.0,0,0,0.0,0.0,0.0,50,17,0,26,2,31
00-0038643,Brayden Willis,SF,TE,2026,2,13,25.0,0,0.0,0,0.0,1,4.0,0,0.0,0,0,0.0,0.0,0.0,52,27,5,21,1,25
00-0041467,Lewis Bond,HOU,WR,2026,2,13,16.0,0,0.0,0,0.0,9,14.5,0,0.0,0,0,0.0,0.0,0.0,80,18,0,50,4,62
00-0033858,Jonnu Smith,GB,TE,2026,2,13,22.0,0,0.0,0,0.0,3,9.4,0,0.0,0,0,0.0,0.0,0.0,59,18,0,29,1,32
00-0040646,Jalen Royals,KC,WR,2026,2,12,15.0,0,0.0,0,0.0,6,11.8,2,4.7,2,1,33.3,0.5,1.0,80,29,3,43,3,51
00-0034844,Saquon Barkley,PHI,RB,2026,2,12,16.0,4,12.5,0,0.0,5,11.6,2,5.9,1,0,0.0,2.0,4.0,76,32,1,34,4,43
00-0040878,Mike Washington Jr.,LV,RB,2026,2,12,19.0,3,10.3,0,0.0,5,15.6,1,3.4,0,0,0.0,10.0,10.0,63,29,4,29,4,32
00-0037093,Dareke Young,LV,WR,2026,2,12,19.0,0,0.0,0,0.0,2,6.2,1,3.4,1,0,0.0,13.0,13.0,63,29,4,29,4,32
00-0041550,Brenen Thompson,LAC,WR,2026,2,12,18.0,0,0.0,0,0.0,9,29.0,3,11.5,1,0,0.0,14.7,44.0,68,32,2,26,1,31
00-0040466,Raheim Sanders,CLE,RB,2026,2,11,19.0,2,8.7,0,0.0,7,20.0,1,3.3,1,0,0.0,-4.0,-4.0,58,23,0,30,1,35
00-0038840,Brycen Tremayne,CAR,WR,2026,2,11,17.0,0,0.0,0,0.0,2,5.1,0,0.0,0,0,0.0,0.0,0.0,66,22,0,32,6,39
00-0039062,Jonathan Mingo,DAL,WR,2026,2,11,20.0,0,0.0,0,0.0,6,16.7,0,0.0,0,0,0.0,0.0,0.0,55,21,1,31,4,36
00-0039364,Sione Vaki,DET,RB,2026,2,11,17.0,1,5.0,0,0.0,7,15.9,1,2.6,1,0,0.0,1.0,1.0,65,20,0,38,4,44
00-0040785,Dohnte Meyers,CIN,WR,2026,2,11,18.0,0,0.0,0,0.0,7,19.4,1,3.2,0,0,0.0,-4.0,-4.0,60,23,0,31,2,36
00-0040164,Jaylin Lane,WAS,WR,2026,2,11,15.0,0,0.0,0,0.0,5,11.9,0,0.0,0,0,0.0,0.0,0.0,71,32,1,34,8,42
00-0040131,Kyle Williams,NE,WR,2026,2,11,20.0,0,0.0,0,0.0,9,33.3,2,9.5,1,0,0.0,11.5,23.0,55,28,0,21,0,27
00-0033885,David Njoku,LAC,TE,2026,2,11,16.0,0,0.0,0,0.0,8,25.8,3,11.5,1,0,0.0,8.3,25.0,68,32,2,26,1,31
00-0041395,Eli Raridon,NE,TE,2026,2,11,20.0,0,0.0,0,0.0,5,18.5,1,4.8,1,0,0.0,25.0,25.0,55,28,0,21,0,27
00-0036849,Tutu Atwell,LA,WR,2026,2,11,18.0,0,0.0,0,0.0,10,30.3,2,6.7,1,0,0.0,29.0,58.0,62,28,0,30,2,33
00-0040198,Ollie Gordon II,MIA,RB,2026,2,11,19.0,3,10.3,0,0.0,5,17.9,0,0.0,0,0,0.0,0.0,0.0,59,29,1,23,0,28
00-0041100,Josh Cameron,JAC,WR,2026,2,10,17.0,0,0.0,0,0.0,3,9.7,0,0.0,0,0,0.0,0.0,0.0,59,24,2,28,0,31
00-0039875,Ray Davis,BUF,RB,2026,2,10,14.0,0,0.0,0,0.0,3,7.9,0,0.0,0,0,0.0,0.0,0.0,74,36,4,28,2,38
00-0040563,Efton Chism III,NE,WR,2026,2,10,18.0,0,0.0,0,0.0,1,3.7,1,4.8,1,0,0.0,-2.0,-2.0,55,28,0,21,0,27
00-0041069,Colbie Young,CIN,WR,2026,2,10,17.0,0,0.0,0,0.0,5,13.9,1,3.2,1,0,0.0,6.0,6.0,60,23,0,31,2,36
00-0040081,Jake Briningstool,KC,TE,2026,2,10,12.0,0,0.0,0,0.0,4,7.8,0,0.0,0,0,0.0,0.0,0.0,80,29,3,43,3,51
00-0037091,Bo Melton,GB,WR,2026,2,9,15.0,0,0.0,0,0.0,4,12.5,1,3.4,0,0,0.0,8.0,8.0,59,18,0,29,1,32
00-0038705,Emari Demercado,DAL,RB,2026,2,9,16.0,3,14.3,0,0.0,2,5.6,0,0.0,0,0,0.0,0.0,0.0,55,21,1,31,4,36
00-0041472,Marlin Klein,HOU,TE,2026,2,9,11.0,0,0.0,0,0.0,3,4.8,0,0.0,0,0,0.0,0.0,0.0,80,18,0,50,4,62
00-0041041,Oscar Delp,NO,TE,2026,2,9,13.0,0,0.0,0,0.0,3,7.7,1,3.1,1,0,0.0,7.0,7.0,68,28,3,32,2,39
00-0040948,J. Michael Sturdivant,GB,WR,2026,2,9,15.0,0,0.0,0,0.0,6,18.8,0,0.0,0,0,0.0,0.0,0.0,59,18,0,29,1,32
00-0040238,LeQuint Allen Jr.,JAC,RB,2026,2,9,15.0,0,0.0,0,0.0,9,29.0,1,3.6,0,0,0.0,4.0,4.0,59,24,2,28,0,31
00-0039471,Frank Gore Jr.,BUF,RB,2026,2,9,12.0,0,0.0,0,0.0,3,7.9,0,0.0,0,0,0.0,0.0,0.0,74,36,4,28,2,38
00-0038573,Derius Davis,LAC,WR,2026,2,8,12.0,0,0.0,0,0.0,3,9.7,1,3.8,0,0,0.0,14.0,14.0,68,32,2,26,1,31
00-0038794,Jaleel McLaughlin,CLE,RB,2026,2,8,14.0,1,4.3,0,0.0,4,11.4,1,3.3,0,0,0.0,1.0,1.0,58,23,0,30,1,35
00-0036893,Najee Harris,NYG,RB,2026,2,8,14.0,4,19.0,1,100.0,3,8.8,0,0.0,0,0,0.0,0.0,0.0,58,21,1,32,1,34
00-0036425,DeeJay Dallas,MIN,RB,2026,2,8,15.0,2,7.1,0,0.0,3,12.5,1,5.3,1,0,0.0,-4.0,-4.0,52,28,0,19,1,24
00-0040894,Malik Benson,LV,WR,2026,2,8,13.0,0,0.0,0,0.0,5,15.6,1,3.4,0,0,0.0,27.0,27.0,63,29,4,29,4,32
00-0040177,Jordan James,SF,RB,2026,2,8,15.0,4,14.8,0,0.0,1,4.0,0,0.0,0,0,0.0,0.0,0.0,52,27,5,21,1,25
00-0039359,Cade Stover,HOU,TE,2026,2,8,10.0,0,0.0,0,0.0,0,0.0,0,0.0,0,0,0.0,0.0,0.0,80,18,0,50,4,62
00-0039407,Dylan Laube,LV,RB,2026,2,8,13.0,0,0.0,0,0.0,2,6.2,0,0.0,0,0,0.0,0.0,0.0,63,29,4,29,4,32
00-0039855,Jalen McMillan,TB,WR,2026,2,7,11.0,0,0.0,0,0.0,2,4.9,0,0.0,0,0,0.0,0.0,0.0,65,25,0,33,4,41
00-0039391,Kimani Vidal,LAC,RB,2026,2,7,10.0,0,0.0,0,0.0,5,16.1,0,0.0,0,0,0.0,0.0,0.0,68,32,2,26,1,31
00-0037614,John Metchie III,CAR,WR,2026,2,7,11.0,0,0.0,0,0.0,4,10.3,0,0.0,0,0,0.0,0.0,0.0,66,22,0,32,6,39
00-0038824,Ryan Miller,MIA,WR,2026,2,7,12.0,0,0.0,0,0.0,3,10.7,1,4.3,1,0,0.0,41.0,41.0,59,29,1,23,0,28
00-0040277,Jahdae Walker,CHI,WR,2026,2,7,9.0,0,0.0,0,0.0,4,9.5,0,0.0,0,0,0.0,0.0,0.0,74,31,1,30,2,42
00-0035891,Cody White,LV,WR,2026,2,7,11.0,0,0.0,0,0.0,7,21.9,2,6.9,2,2,50.0,12.0,24.0,63,29,4,29,4,32
00-0039648,David Martin-Robinson,TEN,TE,2026,2,7,13.0,0,0.0,0,0.0,0,0.0,0,0.0,0,0,0.0,0.0,0.0,53,29,4,17,1,24
00-0041096,Kaytron Allen,WAS,RB,2026,2,6,8.0,5,15.6,0,0.0,0,0.0,0,0.0,0,0,0.0,0.0,0.0,71,32,1,34,8,42
00-0036646,Simi Fehoko,ARI,WR,2026,2,6,12.0,0,0.0,0,0.0,0,0.0,0,0.0,0,0,0.0,0.0,0.0,50,17,0,26,2,31
00-0040363,Keleki Latu,BUF,TE,2026,2,6,8.0,0,0.0,0,0.0,2,5.3,0,0.0,0,0,0.0,0.0,0.0,74,36,4,28,2,38
00-0032104,Ameer Abdullah,JAC,RB,2026,2,6,10.0,3,12.5,0,0.0,1,3.2,1,3.6,1,0,0.0,-6.0,-6.0,59,24,2,28,0,31
00-0040718,Travis Hunter,JAC,WR,2026,2,6,10.0,0,0.0,0,0.0,2,6.5,0,0.0,0,0,0.0,0.0,0.0,59,24,2,28,0,31
00-0040886,Nicholas Singleton,TEN,RB,2026,2,6,11.0,4,13.8,0,0.0,1,4.2,0,0.0,0,0,0.0,0.0,0.0,53,29,4,17,1,24
00-0040887,Josh Cuevas,BAL,TE,2026,2,5,9.0,0,0.0,0,0.0,4,10.5,0,0.0,0,0,0.0,0.0,0.0,58,22,1,29,1,38
00-0037801,KaVontae Turpin,DAL,WR,2026,2,5,9.0,1,4.8,0,0.0,3,8.3,0,0.0,0,0,0.0,0.0,0.0,55,21,1,31,4,36
00-0034419,Braxton Berrios,NYG,WR,2026,2,5,9.0,0,0.0,0,0.0,3,8.8,0,0.0,0,0,0.0,0.0,0.0,58,21,1,32,1,34
00-0037231,Kevin Austin Jr.,NO,WR,2026,2,5,7.0,0,0.0,0,0.0,2,5.1,1,3.1,1,0,0.0,6.0,6.0,68,28,3,32,2,39
00-0039518,Treyton Welch,NO,TE,2026,2,5,7.0,0,0.0,0,0.0,0,0.0,0,0.0,0,0,0.0,0.0,0.0,68,28,3,32,2,39
00-0040556,Corey Kiner,NE,RB,2026,2,4,7.0,2,7.1,0,0.0,0,0.0,0,0.0,0,0,0.0,0.0,0.0,55,28,0,21,0,27
00-0041125,Seth McGowan,IND,RB,2026,2,4,6.0,2,6.2,0,0.0,1,3.0,0,0.0,0,0,0.0,0.0,0.0,65,32,2,30,1,33
00-0035500,Greg Dortch,BUF,WR,2026,2,4,5.0,0,0.0,0,0.0,0,0.0,0,0.0,0,0,0.0,0.0,0.0,74,36,4,28,2,38
00-0039050,Payne Durham,TB,TE,2026,2,4,6.0,0,0.0,0,0.0,0,0.0,0,0.0,0,0,0.0,0.0,0.0,65,25,0,33,4,41
00-0036825,Feleipe Franks,CAR,TE,2026,2,4,6.0,0,0.0,0,0.0,0,0.0,0,0.0,0,0,0.0,0.0,0.0,66,22,0,32,6,39
00-0034270,Tyler Conklin,DET,TE,2026,2,4,6.0,0,0.0,0,0.0,2,4.5,0,0.0,0,0,0.0,0.0,0.0,65,20,0,38,4,44
00-0036265,AJ Dillon,CAR,RB,2026,2,4,6.0,3,13.6,0,0.0,0,0.0,0,0.0,0,0,0.0,0.0,0.0,66,22,0,32,6,39
00-0040782,Isaiah Bond,CLE,WR,2026,2,4,7.0,0,0.0,0,0.0,2,5.7,1,3.3,1,0,0.0,7.0,7.0,58,23,0,30,1,35
00-0039874,Jaylen Wright,MIA,RB,2026,2,3,5.0,2,6.9,0,0.0,1,3.6,0,0.0,0,0,0.0,0.0,0.0,59,29,1,23,0,28
00-0035406,Lil'Jordan Humphrey,DEN,WR,2026,2,3,5.0,0,0.0,0,0.0,1,3.1,1,3.4,0,0,0.0,14.0,14.0,62,28,4,29,2,32
00-0040890,Cyrus Allen,KC,WR,2026,2,3,4.0,0,0.0,0,0.0,3,5.9,0,0.0,0,0,0.0,0.0,0.0,80,29,3,43,3,51
00-0031235,Odell Beckham Jr.,NYG,WR,2026,2,3,5.0,0,0.0,0,0.0,2,5.9,0,0.0,0,0,0.0,0.0,0.0,58,21,1,32,1,34
00-0041094,Bauer Sharp,TB,TE,2026,2,3,5.0,0,0.0,0,0.0,2,4.9,0,0.0,0,0,0.0,0.0,0.0,65,25,0,33,4,41
00-0035345,Chris Myarick,LV,TE,2026,2,3,5.0,0,0.0,0,0.0,0,0.0,0,0.0,0,0,0.0,0.0,0.0,63,29,4,29,4,32
00-0041132,Deion Burks,IND,WR,2026,2,3,5.0,2,6.2,0,0.0,1,3.0,0,0.0,0,0,0.0,0.0,0.0,65,32,2,30,1,33
00-0037157,Bam Knight,ARI,RB,2026,2,3,6.0,2,11.8,0,0.0,0,0.0,0,0.0,0,0,0.0,0.0,0.0,50,17,0,26,2,31
00-0041051,Zavion Thomas,CHI,WR,2026,2,2,3.0,0,0.0,0,0.0,0,0.0,0,0.0,0,0,0.0,0.0,0.0,74,31,1,30,2,42
00-0040705,Chimere Dike,TEN,WR,2026,2,2,4.0,0,0.0,0,0.0,1,4.2,0,0.0,0,0,0.0,0.0,0.0,53,29,4,17,1,24
00-0041099,Barion Brown,NO,WR,2026,2,2,3.0,0,0.0,0,0.0,1,2.6,0,0.0,0,0,0.0,0.0,0.0,68,28,3,32,2,39
00-0038640,Jalen Brooks,ARI,WR,2026,2,2,4.0,0,0.0,0,0.0,0,0.0,0,0.0,0,0,0.0,0.0,0.0,50,17,0,26,2,31
00-0039146,Jayden Reed,GB,WR,2026,2,2,3.0,0,0.0,0,0.0,2,6.2,1,3.4,1,0,0.0,-5.0,-5.0,59,18,0,29,1,32
00-0035594,Travis Homer,PIT,RB,2026,2,2,3.0,2,8.7,0,0.0,0,0.0,0,0.0,0,0,0.0,0.0,0.0,70,23,0,37,0,46
00-0033757,Robert Tonyan,PIT,TE,2026,2,2,3.0,0,0.0,0,0.0,1,2.2,0,0.0,0,0,0.0,0.0,0.0,70,23,0,37,0,46
00-0041104,Demond Claiborne,MIN,RB,2026,2,2,4.0,0,0.0,0,0.0,2,8.3,1,5.3,1,0,0.0,-7.0,-7.0,52,28,0,19,1,24
00-0040208,Tahj Brooks,CIN,RB,2026,2,1,2.0,0,0.0,0,0.0,1,2.8,0,0.0,0,0,0.0,0.0,0.0,60,23,0,31,2,36
00-0041116,Jack Endries,CIN,TE,2026,2,1,2.0,0,0.0,0,0.0,0,0.0,0,0.0,0,0,0.0,0.0,0.0,60,23,0,31,2,36
00-0041131,Carsen Ryan,CLE,TE,2026,2,1,2.0,0,0.0,0,0.0,1,2.9,0,0.0,0,0,0.0,0.0,0.0,58,23,0,30,1,35
00-0040582,Arian Smith,NYJ,WR,2026,2,1,1.0,0,0.0,0,0.0,1,2.0,0,0.0,0,0,0.0,0.0,0.0,74,27,1,36,0,49
00-0039021,Roschon Johnson,CHI,RB,2026,2,1,1.0,0,0.0,0,0.0,0,0.0,0,0.0,0,0,0.0,0.0,0.0,74,31,1,30,2,42
00-0040390,Jackson Meeks,DET,TE,2026,2,1,2.0,0,0.0,0,0.0,1,2.3,0,0.0,0,0,0.0,0.0,0.0,65,20,0,38,4,44
00-0039589,Kameron Johnson,TB,WR,2026,2,0,0.0,0,0.0,0,0.0,16,39.0,0,0.0,0,0,0.0,0.0,0.0,65,25,0,33,4,41
