Overall,,,,,QB,,,,,RB,,,,,WR,,,,,TE,,,,,DST,,,,,Superflex,,,,,K,,,,,P,,,,,TM-QB,,,,,TM-RB,,,,,TM-WR,,,,,TM-TE,,,,,TM-K,,,,,HC,,,,,TM-OL,,,,,
Name,Team,Position,Player ID,,Name,Team,Position,Player ID,,Name,Team,Position,Player ID,,Name,Team,Position,Player ID,,Name,Team,Position,Player ID,,Name,Team,Position,Player ID,,Name,Team,Position,Player ID,,Name,Team,Position,Player ID,,Name,Team,Position,Player ID,,Name,Team,Position,Player ID,,Name,Team,Position,Player ID,,Name,Team,Position,Player ID,,Name,Team,Position,Player ID,,Name,Team,Position,Player ID,,Name,Team,Position,Player ID,,Name,Team,Position,Player ID,,
"Jahmyr Gibbs",DET,"RB",22968,,"Josh Allen",BUF,"QB",17298,,"Jahmyr Gibbs",DET,"RB",22968,,"Ja'Marr Chase",CIN,"WR",19788,,"Brock Bowers",LV,"TE",22955,,"Houston Texans",HOU,"DST",8120,,"Jahmyr Gibbs",DET,"RB",22968,,"Brandon Aubrey",DAL,"K",26068,,"",,"",,,"",,"",,,"",,"",,,"",,"",,,"",,"",,,"",,"",,,"",,"",,,"",,"",,,
"Bijan Robinson",ATL,"RB",23133,,"Lamar Jackson",BAL,"QB",17233,,"Bijan Robinson",ATL,"RB",23133,,"Puka Nacua",LAR,"WR",23180,,"Trey McBride",ARI,"TE",22936,,"Los Angeles Rams",LAR,"DST",8280,,"Bijan Robinson",ATL,"RB",23133,,"Ka'imi Fairbairn",HOU,"K",15756,,,,,,,,,,,,,,,,,,,,,,,,,,,,,,,,,,,,,,,,,,
"Ja'Marr Chase",CIN,"WR",19788,,"Drake Maye",NE,"QB",23046,,"Christian McCaffrey",SF,"RB",16393,,"Jaxon Smith-Njigba",SEA,"WR",23070,,"Colston Loveland",CHI,"TE",26006,,"Denver Broncos",DEN,"DST",8090,,"Ja'Marr Chase",CIN,"WR",19788,,"Cameron Dicker",LAC,"K",23901,,,,,,,,,,,,,,,,,,,,,,,,,,,,,,,,,,,,,,,,,,
"Puka Nacua",LAR,"WR",23180,,"Joe Burrow",CIN,"QB",19196,,"Jonathan Taylor",IND,"RB",19217,,"Amon-Ra St. Brown",DET,"WR",19799,,"Tyler Warren",IND,"TE",26434,,"Seattle Seahawks",SEA,"DST",8260,,"Puka Nacua",LAR,"WR",23180,,"Cam Little",JAC,"K",26475,,,,,,,,,,,,,,,,,,,,,,,,,,,,,,,,,,,,,,,,,,
"Christian McCaffrey",SF,"RB",16393,,"Jayden Daniels",WAS,"QB",22902,,"James Cook III",BUF,"RB",22958,,"Justin Jefferson",MIN,"WR",19236,,"Tucker Kraft",GB,"TE",25298,,"Philadelphia Eagles",PHI,"DST",8230,,"Christian McCaffrey",SF,"RB",16393,,"Jason Myers",SEA,"K",14003,,,,,,,,,,,,,,,,,,,,,,,,,,,,,,,,,,,,,,,,,,
"Jaxon Smith-Njigba",SEA,"WR",23070,,"Jalen Hurts",PHI,"QB",19275,,"Saquon Barkley",PHI,"RB",17240,,"CeeDee Lamb",DAL,"WR",19202,,"Sam LaPorta",DET,"TE",22978,,"Pittsburgh Steelers",PIT,"DST",8240,,"Jaxon Smith-Njigba",SEA,"WR",23070,,"Charlie Smyth",NO,"K",26444,,,,,,,,,,,,,,,,,,,,,,,,,,,,,,,,,,,,,,,,,,
"Amon-Ra St. Brown",DET,"WR",19799,,"Caleb Williams",CHI,"QB",23084,,"Chase Brown",CIN,"RB",25324,,"A.J. Brown",NE,"WR",18218,,"Harold Fannin Jr.",CLE,"TE",27050,,"New England Patriots",NE,"DST",8180,,"Amon-Ra St. Brown",DET,"WR",19799,,"Ben Sauls",FA,"K",27798,,,,,,,,,,,,,,,,,,,,,,,,,,,,,,,,,,,,,,,,,,
"Jonathan Taylor",IND,"RB",19217,,"Trevor Lawrence",JAC,"QB",19780,,"Kenneth Walker III",KC,"RB",23021,,"Drake London",ATL,"WR",23163,,"Kyle Pitts Sr.",ATL,"TE",20164,,"Kansas City Chiefs",KC,"DST",8150,,"Jonathan Taylor",IND,"RB",19217,,"Eddy Pineiro",SF,"K",17575,,,,,,,,,,,,,,,,,,,,,,,,,,,,,,,,,,,,,,,,,,
"James Cook III",BUF,"RB",22958,,"Justin Herbert",LAC,"QB",18635,,"Derrick Henry",BAL,"RB",15514,,"Nico Collins",HOU,"WR",20130,,"George Kittle",SF,"TE",16499,,"Baltimore Ravens",BAL,"DST",8020,,"James Cook III",BUF,"RB",22958,,"Chase McLaughlin",TB,"K",19058,,,,,,,,,,,,,,,,,,,,,,,,,,,,,,,,,,,,,,,,,,
"Justin Jefferson",MIN,"WR",19236,,"Brock Purdy",SF,"QB",19797,,"Omarion Hampton",LAC,"RB",25395,,"George Pickens",DAL,"WR",22963,,"Travis Kelce",KC,"TE",11594,,"Jacksonville Jaguars",JAC,"DST",8140,,"Justin Jefferson",MIN,"WR",19236,,"Trey Smack",GB,"K",28507,,,,,,,,,,,,,,,,,,,,,,,,,,,,,,,,,,,,,,,,,,
"CeeDee Lamb",DAL,"WR",19202,,"Dak Prescott",DAL,"QB",15600,,"Ashton Jeanty",LV,"RB",25989,,"Chris Olave",NO,"WR",20111,,"Dalton Kincaid",BUF,"TE",25247,,"Indianapolis Colts",IND,"DST",8130,,"CeeDee Lamb",DAL,"WR",19202,,"Will Reichard",MIN,"K",26341,,,,,,,,,,,,,,,,,,,,,,,,,,,,,,,,,,,,,,,,,,
"Saquon Barkley",PHI,"RB",17240,,"Bo Nix",DEN,"QB",22910,,"De'Von Achane",MIA,"RB",23136,,"Malik Nabers",NYG,"WR",25409,,"Dallas Goedert",PHI,"TE",17270,,"Minnesota Vikings",MIN,"DST",8170,,"Saquon Barkley",PHI,"RB",17240,,"Jake Bates",DET,"K",26075,,,,,,,,,,,,,,,,,,,,,,,,,,,,,,,,,,,,,,,,,,
"Chase Brown",CIN,"RB",25324,,"Patrick Mahomes II",KC,"QB",16413,,"Kyren Williams",LAR,"RB",23059,,"DeVonta Smith",PHI,"WR",19222,,"Isaiah Likely",NYG,"TE",23781,,"New Orleans Saints",NO,"DST",8190,,"Chase Brown",CIN,"RB",25324,,"Harrison Mevis",LAR,"K",26638,,,,,,,,,,,,,,,,,,,,,,,,,,,,,,,,,,,,,,,,,,
"Kenneth Walker III",KC,"RB",23021,,"Kyler Murray",MIN,"QB",18600,,"Javonte Williams",DAL,"RB",22739,,"Rashee Rice",KC,"WR",23113,,"Mark Andrews",BAL,"TE",17269,,"Dallas Cowboys",DAL,"DST",8080,,"Kenneth Walker III",KC,"RB",23021,,"Evan McPherson",CIN,"K",23297,,,,,,,,,,,,,,,,,,,,,,,,,,,,,,,,,,,,,,,,,,
"A.J. Brown",NE,"WR",18218,,"Jared Goff",DET,"QB",15501,,"Jeremiyah Love",ARI,"RB",25403,,"Zay Flowers",BAL,"WR",22916,,"Juwan Johnson",NO,"TE",19562,,"Cleveland Browns",CLE,"DST",8070,,"A.J. Brown",NE,"WR",18218,,"Tyler Loop",BAL,"K",27534,,,,,,,,,,,,,,,,,,,,,,,,,,,,,,,,,,,,,,,,,,
"Derrick Henry",BAL,"RB",15514,,"Matthew Stafford",LAR,"QB",9451,,"Breece Hall",NYJ,"RB",22982,,"Tee Higgins",CIN,"WR",19211,,"Jake Ferguson",DAL,"TE",22718,,"Carolina Panthers",CAR,"DST",8040,,"Derrick Henry",BAL,"RB",15514,,"Cairo Santos",CHI,"K",13731,,,,,,,,,,,,,,,,,,,,,,,,,,,,,,,,,,,,,,,,,,
"Omarion Hampton",LAC,"RB",25395,,"Jaxson Dart",NYG,"QB",23160,,"Travis Etienne Jr.",NO,"RB",19231,,"Jaylen Waddle",DEN,"WR",19790,,"Hunter Henry",NE,"TE",15561,,"Los Angeles Chargers",LAC,"DST",8250,,"Omarion Hampton",LAC,"RB",25395,,"Andy Borregales",NE,"K",27291,,,,,,,,,,,,,,,,,,,,,,,,,,,,,,,,,,,,,,,,,,
"Drake London",ATL,"WR",23163,,"Jordan Love",GB,"QB",19246,,"D'Andre Swift",CHI,"RB",19210,,"Ladd McConkey",LAC,"WR",26122,,"Brenton Strange",JAC,"TE",25345,,"Cincinnati Bengals",CIN,"DST",8060,,"Drake London",ATL,"WR",23163,,"Chris Boswell",PIT,"K",13029,,,,,,,,,,,,,,,,,,,,,,,,,,,,,,,,,,,,,,,,,,
"Nico Collins",HOU,"WR",20130,,"Malik Willis",MIA,"QB",23499,,"Bucky Irving",TB,"RB",25981,,"Garrett Wilson",NYJ,"WR",23072,,"Dalton Schultz",HOU,"TE",17349,,"Chicago Bears",CHI,"DST",8050,,"Nico Collins",HOU,"WR",20130,,"Blake Grupe",NYJ,"K",25533,,,,,,,,,,,,,,,,,,,,,,,,,,,,,,,,,,,,,,,,,,
"Brock Bowers",LV,"TE",22955,,"Baker Mayfield",TB,"QB",17237,,"Cam Skattebo",NYG,"RB",27166,,"Emeka Egbuka",TB,"WR",23062,,"Chig Okonkwo",WAS,"TE",23982,,"Buffalo Bills",BUF,"DST",8030,,"Brock Bowers",LV,"TE",22955,,"Harrison Butker",KC,"K",16712,,,,,,,,,,,,,,,,,,,,,,,,,,,,,,,,,,,,,,,,,,
"Ashton Jeanty",LV,"RB",25989,,"Tyler Shough",NO,"QB",23096,,"David Montgomery",HOU,"RB",18239,,"Tetairoa McMillan",CAR,"WR",25417,,"T.J. Hockenson",MIN,"TE",18290,,"Detroit Lions",DET,"DST",8100,,"Ashton Jeanty",LV,"RB",25989,,"Wil Lutz",DEN,"K",16026,,,,,,,,,,,,,,,,,,,,,,,,,,,,,,,,,,,,,,,,,,
"De'Von Achane",MIA,"RB",23136,,"Daniel Jones",IND,"QB",18232,,"Quinshon Judkins",CLE,"RB",25391,,"Luther Burden III",CHI,"WR",27016,,"Terrance Ferguson",LAR,"TE",23091,,"New York Giants",NYG,"DST",8200,,"De'Von Achane",MIA,"RB",23136,,"Nick Folk",ATL,"K",9491,,,,,,,,,,,,,,,,,,,,,,,,,,,,,,,,,,,,,,,,,,
"George Pickens",DAL,"WR",22963,,"Sam Darnold",SEA,"QB",17236,,"Jadarian Price",SEA,"RB",27329,,"Davante Adams",LAR,"WR",12123,,"AJ Barner",SEA,"TE",26335,,"Tampa Bay Buccaneers",TB,"DST",8290,,"George Pickens",DAL,"WR",22963,,"Riley Patterson",MIA,"K",23370,,,,,,,,,,,,,,,,,,,,,,,,,,,,,,,,,,,,,,,,,,
"Chris Olave",NO,"WR",20111,,"C.J. Stroud",HOU,"QB",23071,,"Bhayshul Tuten",JAC,"RB",27297,,"Jameson Williams",DET,"WR",23677,,"Pat Freiermuth",PIT,"TE",20163,,"Tennessee Titans",TEN,"DST",8300,,"Chris Olave",NO,"WR",20111,,"Joey Slye",TEN,"K",19028,,,,,,,,,,,,,,,,,,,,,,,,,,,,,,,,,,,,,,,,,,
"Trey McBride",ARI,"TE",22936,,"Bryce Young",CAR,"QB",22900,,"Rhamondre Stevenson",NE,"RB",22726,,"Christian Watson",GB,"WR",23886,,"Cade Otton",TB,"TE",23181,,"Green Bay Packers",GB,"DST",8110,,"Trey McBride",ARI,"TE",22936,,"Spencer Shrader",IND,"K",26763,,,,,,,,,,,,,,,,,,,,,,,,,,,,,,,,,,,,,,,,,,
"Malik Nabers",NYG,"WR",25409,,"Cam Ward",TEN,"QB",24755,,"TreVeyon Henderson",NE,"RB",23065,,"Terry McLaurin",WAS,"WR",18466,,"Kenyon Sadiq",NYJ,"TE",26055,,"Miami Dolphins",MIA,"DST",8160,,"Malik Nabers",NYG,"WR",25409,,"Jake Elliott",PHI,"K",16540,,,,,,,,,,,,,,,,,,,,,,,,,,,,,,,,,,,,,,,,,,
"DeVonta Smith",PHI,"WR",19222,,"Aaron Rodgers",PIT,"QB",9001,,"Jaylen Warren",PIT,"RB",24209,,"DJ Moore",BUF,"WR",17265,,"Greg Dulcich",MIA,"TE",23153,,"New York Jets",NYJ,"DST",8210,,"DeVonta Smith",PHI,"WR",19222,,"Chad Ryland",ARI,"K",25354,,,,,,,,,,,,,,,,,,,,,,,,,,,,,,,,,,,,,,,,,,
"Kyren Williams",LAR,"RB",23059,,"Jacoby Brissett",ARI,"QB",15642,,"Rico Dowdle",PIT,"RB",19647,,"Rome Odunze",CHI,"WR",25411,,"Gunnar Helm",TEN,"TE",27109,,"Atlanta Falcons",ATL,"DST",8010,,"Kyren Williams",LAR,"RB",23059,,"Tyler Bass",BUF,"K",19760,,,,,,,,,,,,,,,,,,,,,,,,,,,,,,,,,,,,,,,,,,
"Javonte Williams",DAL,"RB",22739,,"Geno Smith",NYJ,"QB",11687,,"Jonathon Brooks",CAR,"RB",26148,,"Mike Evans",SF,"WR",12119,,"Colby Parkinson",LAR,"TE",19372,,"San Francisco 49ers",SF,"DST",8270,,"Javonte Williams",DAL,"RB",22739,,"Daniel Carlson",NO,"K",17420,,,,,,,,,,,,,,,,,,,,,,,,,,,,,,,,,,,,,,,,,,
"Rashee Rice",KC,"WR",23113,,"Fernando Mendoza",LV,"QB",28013,,"Tony Pollard",TEN,"RB",18705,,"Parker Washington",JAC,"WR",23106,,"David Njoku",LAC,"TE",16399,,"Washington Commanders",WAS,"DST",8310,,"Rashee Rice",KC,"WR",23113,,"Ryan Fitzgerald",CAR,"K",27261,,,,,,,,,,,,,,,,,,,,,,,,,,,,,,,,,,,,,,,,,,
"Zay Flowers",BAL,"WR",22916,,"Michael Penix Jr.",ATL,"QB",22973,,"MarShawn Lloyd",GB,"RB",23118,,"Marvin Harrison Jr.",ARI,"WR",23064,,"Evan Engram",DEN,"TE",16411,,"Las Vegas Raiders",LV,"DST",8220,,"Josh Allen",BUF,"QB",17298,,"Drew Stevens",WAS,"K",28175,,,,,,,,,,,,,,,,,,,,,,,,,,,,,,,,,,,,,,,,,,
"Jeremiyah Love",ARI,"RB",25403,,"Kirk Cousins",LV,"QB",11177,,"Blake Corum",LAR,"RB",23013,,"DK Metcalf",PIT,"WR",18219,,"Charlie Kolar",LAC,"TE",22756,,"Arizona Cardinals",ARI,"DST",8000,,"Zay Flowers",BAL,"WR",22916,,"Matt Gay",LV,"K",18545,,,,,,,,,,,,,,,,,,,,,,,,,,,,,,,,,,,,,,,,,,
"Josh Allen",BUF,"QB",17298,,"Deshaun Watson",CLE,"QB",16398,,"J.K. Dobbins",DEN,"RB",19245,,"Quentin Johnston",LAC,"WR",23123,,"Oronde Gadsden II",LAC,"TE",25997,,,,,,,"Jeremiyah Love",ARI,"RB",25403,,"Jason Sanders",FA,"K",17533,,,,,,,,,,,,,,,,,,,,,,,,,,,,,,,,,,,,,,,,,,
"Breece Hall",NYJ,"RB",22982,,"Tua Tagovailoa",ATL,"QB",19198,,"Jordan Mason",MIN,"RB",22969,,"Carnell Tate",TEN,"WR",26009,,"Mike Gesicki",CIN,"TE",17272,,,,,,,"Breece Hall",NYJ,"RB",22982,,"Dominic Zvada",NYG,"K",28176,,,,,,,,,,,,,,,,,,,,,,,,,,,,,,,,,,,,,,,,,,
"Tee Higgins",CIN,"WR",19211,,"Shedeur Sanders",CLE,"QB",25968,,"Chuba Hubbard",CAR,"RB",19792,,"Courtland Sutton",DEN,"WR",17253,,"Michael Mayer",LV,"TE",23056,,,,,,,"Tee Higgins",CIN,"WR",19211,,"Andre Szmyt",CLE,"K",25713,,,,,,,,,,,,,,,,,,,,,,,,,,,,,,,,,,,,,,,,,,
"Jaylen Waddle",DEN,"WR",19790,,"Carson Beck",ARI,"QB",22953,,"RJ Harvey",DEN,"RB",27142,,"Brian Thomas Jr.",JAC,"WR",23000,,"Darren Waller",CAR,"TE",14104,,,,,,,"Jaylen Waddle",DEN,"WR",19790,,,,,,,,,,,,,,,,,,,,,,,,,,,,,,,,,,,,,,,,,,,,,,,
"Ladd McConkey",LAC,"WR",26122,,"Mac Jones",SF,"QB",20156,,"Jacory Croskey-Merritt",WAS,"RB",27316,,"Chris Godwin Jr.",TB,"WR",16406,,"Darnell Washington",PIT,"TE",22967,,,,,,,"Ladd McConkey",LAC,"WR",26122,,,,,,,,,,,,,,,,,,,,,,,,,,,,,,,,,,,,,,,,,,,,,,,
"Garrett Wilson",NYJ,"WR",23072,,"J.J. McCarthy",MIN,"QB",23018,,"Kenny Gainwell",TB,"RB",23310,,"Stefon Diggs",WAS,"WR",13981,,"Mason Taylor",NYJ,"TE",26005,,,,,,,"Garrett Wilson",NYJ,"WR",23072,,,,,,,,,,,,,,,,,,,,,,,,,,,,,,,,,,,,,,,,,,,,,,,
"Emeka Egbuka",TB,"WR",23062,,"Justin Fields",KC,"QB",19781,,"Kyle Monangai",CHI,"RB",27131,,"Jayden Reed",GB,"WR",23020,,"Elijah Arroyo",SEA,"TE",23004,,,,,,,"Emeka Egbuka",TB,"WR",23062,,,,,,,,,,,,,,,,,,,,,,,,,,,,,,,,,,,,,,,,,,,,,,,
"Travis Etienne Jr.",NO,"RB",19231,,"Ty Simpson",LAR,"QB",25368,,"Rachaad White",WAS,"RB",23891,,"Josh Downs",IND,"WR",24706,,"Theo Johnson",NYG,"TE",23104,,,,,,,"Travis Etienne Jr.",NO,"RB",19231,,,,,,,,,,,,,,,,,,,,,,,,,,,,,,,,,,,,,,,,,,,,,,,
"Tetairoa McMillan",CAR,"WR",25417,,,,,,,"Chris Rodriguez Jr.",JAC,"RB",22986,,"Michael Pittman Jr.",PIT,"WR",19278,,"Cole Kmet",CHI,"TE",19229,,,,,,,"Lamar Jackson",BAL,"QB",17233,,,,,,,,,,,,,,,,,,,,,,,,,,,,,,,,,,,,,,,,,,,,,,,
"Luther Burden III",CHI,"WR",27016,,,,,,,"Aaron Jones Sr.",MIN,"RB",16673,,"Jordan Addison",MIN,"WR",23107,,"Jake Tonges",SF,"TE",24778,,,,,,,"Tetairoa McMillan",CAR,"WR",25417,,,,,,,,,,,,,,,,,,,,,,,,,,,,,,,,,,,,,,,,,,,,,,,
"Davante Adams",LAR,"WR",12123,,,,,,,"Woody Marks",HOU,"RB",27520,,"Alec Pierce",IND,"WR",23791,,"Eli Raridon",NE,"TE",28154,,,,,,,"Luther Burden III",CHI,"WR",27016,,,,,,,,,,,,,,,,,,,,,,,,,,,,,,,,,,,,,,,,,,,,,,,
"D'Andre Swift",CHI,"RB",19210,,,,,,,"Tyjae Spears",TEN,"RB",25323,,"Michael Wilson",ARI,"WR",25333,,"Dawson Knox",BUF,"TE",18631,,,,,,,"Davante Adams",LAR,"WR",12123,,,,,,,,,,,,,,,,,,,,,,,,,,,,,,,,,,,,,,,,,,,,,,,
"Lamar Jackson",BAL,"QB",17233,,,,,,,"Mike Washington Jr.",LV,"RB",28108,,"De'Zhaun Stribling",SF,"WR",28138,,"Oscar Delp",NO,"TE",25430,,,,,,,"D'Andre Swift",CHI,"RB",19210,,,,,,,,,,,,,,,,,,,,,,,,,,,,,,,,,,,,,,,,,,,,,,,
"Bucky Irving",TB,"RB",25981,,,,,,,"Jonah Coleman",DEN,"RB",27320,,"Makai Lemon",PHI,"WR",25420,,"Tyler Higbee",LAR,"TE",15623,,,,,,,"Drake Maye",NE,"QB",23046,,,,,,,,,,,,,,,,,,,,,,,,,,,,,,,,,,,,,,,,,,,,,,,
"Jameson Williams",DET,"WR",23677,,,,,,,"Tyler Allgeier",ARI,"RB",24172,,"Wan'Dale Robinson",TEN,"WR",22985,,"Eli Stowers",PHI,"TE",23144,,,,,,,"Bucky Irving",TB,"RB",25981,,,,,,,,,,,,,,,,,,,,,,,,,,,,,,,,,,,,,,,,,,,,,,,
"Colston Loveland",CHI,"TE",26006,,,,,,,"Keaton Mitchell",LAC,"RB",25360,,"KC Concepcion",CLE,"WR",27331,,"Noah Gray",KC,"TE",19539,,,,,,,"Jameson Williams",DET,"WR",23677,,,,,,,,,,,,,,,,,,,,,,,,,,,,,,,,,,,,,,,,,,,,,,,
"Cam Skattebo",NYG,"RB",27166,,,,,,,"Tank Bigsby",PHI,"RB",22908,,"Matthew Golden",GB,"WR",26024,,"Erick All Jr.",CIN,"TE",23837,,,,,,,"Colston Loveland",CHI,"TE",26006,,,,,,,,,,,,,,,,,,,,,,,,,,,,,,,,,,,,,,,,,,,,,,,
"David Montgomery",HOU,"RB",18239,,,,,,,"Josh Jacobs",GB,"RB",18269,,"Xavier Worthy",KC,"WR",23019,,"Noah Fant",NO,"TE",17527,,,,,,,"Joe Burrow",CIN,"QB",19196,,,,,,,,,,,,,,,,,,,,,,,,,,,,,,,,,,,,,,,,,,,,,,,
"Tyler Warren",IND,"TE",26434,,,,,,,"Emmett Johnson",KC,"RB",28107,,"Jakobi Meyers",JAC,"WR",18598,,"Tommy Tremble",CAR,"TE",22795,,,,,,,"Jayden Daniels",WAS,"QB",22902,,,,,,,,,,,,,,,,,,,,,,,,,,,,,,,,,,,,,,,,,,,,,,,
"Christian Watson",GB,"WR",23886,,,,,,,"Brian Robinson Jr.",ATL,"RB",20094,,"Romeo Doubs",NE,"WR",23794,,"Jonnu Smith",GB,"TE",16460,,,,,,,"Cam Skattebo",NYG,"RB",27166,,,,,,,,,,,,,,,,,,,,,,,,,,,,,,,,,,,,,,,,,,,,,,,
"Quinshon Judkins",CLE,"RB",25391,,,,,,,"Dylan Sampson",CLE,"RB",27102,,"Jalen Coker",CAR,"WR",26403,,"Ja'Tavion Sanders",CAR,"TE",24334,,,,,,,"David Montgomery",HOU,"RB",18239,,,,,,,,,,,,,,,,,,,,,,,,,,,,,,,,,,,,,,,,,,,,,,,
"Terry McLaurin",WAS,"WR",18466,,,,,,,"Zach Charbonnet",SEA,"RB",23152,,"Khalil Shakir",BUF,"WR",23748,,"Max Klare",LAR,"TE",27993,,,,,,,"Tyler Warren",IND,"TE",26434,,,,,,,,,,,,,,,,,,,,,,,,,,,,,,,,,,,,,,,,,,,,,,,
"Drake Maye",NE,"QB",23046,,,,,,,"Braelon Allen",NYJ,"RB",24346,,"Deebo Samuel Sr.",SF,"WR",18244,,"Daniel Bellinger",TEN,"TE",24238,,,,,,,"Christian Watson",GB,"WR",23886,,,,,,,,,,,,,,,,,,,,,,,,,,,,,,,,,,,,,,,,,,,,,,,
"Jadarian Price",SEA,"RB",27329,,,,,,,"Ray Davis",BUF,"RB",26191,,"Rashid Shaheed",SEA,"WR",24687,,"Austin Hooper",ATL,"TE",15581,,,,,,,"Quinshon Judkins",CLE,"RB",25391,,,,,,,,,,,,,,,,,,,,,,,,,,,,,,,,,,,,,,,,,,,,,,,
"DJ Moore",BUF,"WR",17265,,,,,,,"Alvin Kamara",NO,"RB",16421,,"Tre Tucker",LV,"WR",25337,,"Marlin Klein",HOU,"TE",28157,,,,,,,"Terry McLaurin",WAS,"WR",18466,,,,,,,,,,,,,,,,,,,,,,,,,,,,,,,,,,,,,,,,,,,,,,,
"Joe Burrow",CIN,"QB",19196,,,,,,,"Kaelon Black",SF,"RB",28401,,"Denzel Boston",CLE,"WR",27339,,"Ben Sinnott",WAS,"TE",26310,,,,,,,"Jadarian Price",SEA,"RB",27329,,,,,,,,,,,,,,,,,,,,,,,,,,,,,,,,,,,,,,,,,,,,,,,
"Bhayshul Tuten",JAC,"RB",27297,,,,,,,"Kimani Vidal",LAC,"RB",26355,,"Jordyn Tyson",NO,"WR",26035,,"Mitchell Evans",CAR,"TE",27138,,,,,,,"Jalen Hurts",PHI,"QB",19275,,,,,,,,,,,,,,,,,,,,,,,,,,,,,,,,,,,,,,,,,,,,,,,
"Rome Odunze",CHI,"WR",25411,,,,,,,"Malik Davis",DAL,"RB",24205,,"Kayshon Boutte",HOU,"WR",22989,,"Elijah Higgins",ARI,"TE",23119,,,,,,,"DJ Moore",BUF,"WR",17265,,,,,,,,,,,,,,,,,,,,,,,,,,,,,,,,,,,,,,,,,,,,,,,
"Mike Evans",SF,"WR",12119,,,,,,,"Najee Harris",NYG,"RB",19302,,"Jalen McMillan",TB,"WR",23179,,,,,,,,,,,,"Bhayshul Tuten",JAC,"RB",27297,,,,,,,,,,,,,,,,,,,,,,,,,,,,,,,,,,,,,,,,,,,,,,,
"Rhamondre Stevenson",NE,"RB",22726,,,,,,,"Justice Hill",BAL,"RB",18256,,"Adonai Mitchell",NYJ,"WR",24357,,,,,,,,,,,,"Rome Odunze",CHI,"WR",25411,,,,,,,,,,,,,,,,,,,,,,,,,,,,,,,,,,,,,,,,,,,,,,,
"Parker Washington",JAC,"WR",23106,,,,,,,"Tyrone Tracy Jr.",NYG,"RB",22980,,"Ryan Flournoy",DAL,"WR",26398,,,,,,,,,,,,"Mike Evans",SF,"WR",12119,,,,,,,,,,,,,,,,,,,,,,,,,,,,,,,,,,,,,,,,,,,,,,,
"TreVeyon Henderson",NE,"RB",23065,,,,,,,"Samaje Perine",CIN,"RB",16423,,"Dontayvion Wicks",PHI,"WR",24354,,,,,,,,,,,,"Rhamondre Stevenson",NE,"RB",22726,,,,,,,,,,,,,,,,,,,,,,,,,,,,,,,,,,,,,,,,,,,,,,,
"Jayden Daniels",WAS,"QB",22902,,,,,,,"Nicholas Singleton",TEN,"RB",24343,,"Tre' Harris",LAC,"WR",26215,,,,,,,,,,,,"Parker Washington",JAC,"WR",23106,,,,,,,,,,,,,,,,,,,,,,,,,,,,,,,,,,,,,,,,,,,,,,,
"Jaylen Warren",PIT,"RB",24209,,,,,,,"Sean Tucker",TB,"RB",23679,,"Keenan Allen",IND,"WR",11616,,,,,,,,,,,,"TreVeyon Henderson",NE,"RB",23065,,,,,,,,,,,,,,,,,,,,,,,,,,,,,,,,,,,,,,,,,,,,,,,
"Jalen Hurts",PHI,"QB",19275,,,,,,,"Kaytron Allen",WAS,"RB",24362,,"Jalen Nailor",LV,"WR",24177,,,,,,,,,,,,"Jaylen Warren",PIT,"RB",24209,,,,,,,,,,,,,,,,,,,,,,,,,,,,,,,,,,,,,,,,,,,,,,,
"Marvin Harrison Jr.",ARI,"WR",23064,,,,,,,"Kaleb Johnson",GB,"RB",27165,,"Pat Bryant",DEN,"WR",27211,,,,,,,,,,,,"Marvin Harrison Jr.",ARI,"WR",23064,,,,,,,,,,,,,,,,,,,,,,,,,,,,,,,,,,,,,,,,,,,,,,,
"Rico Dowdle",PIT,"RB",19647,,,,,,,"Chris Brooks",GB,"RB",25823,,"Ja'Kobi Lane",BAL,"WR",27337,,,,,,,,,,,,"Caleb Williams",CHI,"QB",23084,,,,,,,,,,,,,,,,,,,,,,,,,,,,,,,,,,,,,,,,,,,,,,,
"DK Metcalf",PIT,"WR",18219,,,,,,,"Demond Claiborne",MIN,"RB",28084,,"Jerry Jeudy",CLE,"WR",19201,,,,,,,,,,,,"Rico Dowdle",PIT,"RB",19647,,,,,,,,,,,,,,,,,,,,,,,,,,,,,,,,,,,,,,,,,,,,,,,
"Jonathon Brooks",CAR,"RB",26148,,,,,,,"Seth McGowan",IND,"RB",23079,,"Jauan Jennings",MIN,"WR",19590,,,,,,,,,,,,"Trevor Lawrence",JAC,"QB",19780,,,,,,,,,,,,,,,,,,,,,,,,,,,,,,,,,,,,,,,,,,,,,,,
"Caleb Williams",CHI,"QB",23084,,,,,,,"Jordan James",SF,"RB",27310,,"Caleb Douglas",MIA,"WR",28135,,,,,,,,,,,,"DK Metcalf",PIT,"WR",18219,,,,,,,,,,,,,,,,,,,,,,,,,,,,,,,,,,,,,,,,,,,,,,,
"Tucker Kraft",GB,"TE",25298,,,,,,,"Jaylen Wright",MIA,"RB",25987,,"Omar Cooper Jr.",NYJ,"WR",28127,,,,,,,,,,,,"Jonathon Brooks",CAR,"RB",26148,,,,,,,,,,,,,,,,,,,,,,,,,,,,,,,,,,,,,,,,,,,,,,,
"Quentin Johnston",LAC,"WR",23123,,,,,,,"George Holani",SEA,"RB",22915,,"Calvin Ridley",TEN,"WR",17258,,,,,,,,,,,,"Tucker Kraft",GB,"TE",25298,,,,,,,,,,,,,,,,,,,,,,,,,,,,,,,,,,,,,,,,,,,,,,,
"Sam LaPorta",DET,"TE",22978,,,,,,,"Emanuel Wilson",SEA,"RB",25885,,"Jaylin Noel",HOU,"WR",27122,,,,,,,,,,,,"Quentin Johnston",LAC,"WR",23123,,,,,,,,,,,,,,,,,,,,,,,,,,,,,,,,,,,,,,,,,,,,,,,
"Carnell Tate",TEN,"WR",26009,,,,,,,"Kendre Miller",NO,"RB",24360,,"Malachi Fields",NYG,"WR",27994,,,,,,,,,,,,"Sam LaPorta",DET,"TE",22978,,,,,,,,,,,,,,,,,,,,,,,,,,,,,,,,,,,,,,,,,,,,,,,
"Tony Pollard",TEN,"RB",18705,,,,,,,"Isiah Pacheco",DET,"RB",24333,,"Devaughn Vele",NO,"WR",26409,,,,,,,,,,,,"Carnell Tate",TEN,"WR",26009,,,,,,,,,,,,,,,,,,,,,,,,,,,,,,,,,,,,,,,,,,,,,,,
"Trevor Lawrence",JAC,"QB",19780,,,,,,,"Isaiah Davis",NYJ,"RB",25977,,"Cyrus Allen",KC,"WR",28424,,,,,,,,,,,,"Tony Pollard",TEN,"RB",18705,,,,,,,,,,,,,,,,,,,,,,,,,,,,,,,,,,,,,,,,,,,,,,,
"MarShawn Lloyd",GB,"RB",23118,,,,,,,"James Conner",ARI,"RB",16447,,"Travis Hunter",JAC,"WR",26034,,,,,,,,,,,,"MarShawn Lloyd",GB,"RB",23118,,,,,,,,,,,,,,,,,,,,,,,,,,,,,,,,,,,,,,,,,,,,,,,
"Courtland Sutton",DEN,"WR",17253,,,,,,,"Ty Johnson",BUF,"RB",18406,,"Rashod Bateman",BAL,"WR",19794,,,,,,,,,,,,"Courtland Sutton",DEN,"WR",17253,,,,,,,,,,,,,,,,,,,,,,,,,,,,,,,,,,,,,,,,,,,,,,,
"Justin Herbert",LAC,"QB",18635,,,,,,,"Ollie Gordon II",MIA,"RB",25984,,"Chris Bell",MIA,"WR",26038,,,,,,,,,,,,"Blake Corum",LAR,"RB",23013,,,,,,,,,,,,,,,,,,,,,,,,,,,,,,,,,,,,,,,,,,,,,,,
"Blake Corum",LAR,"RB",23013,,,,,,,"LeQuint Allen Jr.",JAC,"RB",27285,,"Malik Washington",MIA,"WR",26314,,,,,,,,,,,,"Brian Thomas Jr.",JAC,"WR",23000,,,,,,,,,,,,,,,,,,,,,,,,,,,,,,,,,,,,,,,,,,,,,,,
"Brian Thomas Jr.",JAC,"WR",23000,,,,,,,"DJ Giddens",IND,"RB",27097,,"Isaac TeSlaa",DET,"WR",27446,,,,,,,,,,,,"Harold Fannin Jr.",CLE,"TE",27050,,,,,,,,,,,,,,,,,,,,,,,,,,,,,,,,,,,,,,,,,,,,,,,
"Harold Fannin Jr.",CLE,"TE",27050,,,,,,,"Brashard Smith",KC,"RB",27259,,"Cooper Kupp",SEA,"WR",16433,,,,,,,,,,,,"Kyle Pitts Sr.",ATL,"TE",20164,,,,,,,,,,,,,,,,,,,,,,,,,,,,,,,,,,,,,,,,,,,,,,,
"Kyle Pitts Sr.",ATL,"TE",20164,,,,,,,"Devin Singletary",NYG,"RB",18280,,"Zachariah Branch",ATL,"WR",25419,,,,,,,,,,,,"J.K. Dobbins",DEN,"RB",19245,,,,,,,,,,,,,,,,,,,,,,,,,,,,,,,,,,,,,,,,,,,,,,,
"J.K. Dobbins",DEN,"RB",19245,,,,,,,"Adam Randall",BAL,"RB",24367,,"Germie Bernard",PIT,"WR",26039,,,,,,,,,,,,"Chris Godwin Jr.",TB,"WR",16406,,,,,,,,,,,,,,,,,,,,,,,,,,,,,,,,,,,,,,,,,,,,,,,
"Chris Godwin Jr.",TB,"WR",16406,,,,,,,"Jacob Saylors",DET,"RB",25693,,"Tyquan Thornton",KC,"WR",22913,,,,,,,,,,,,"Justin Herbert",LAC,"QB",18635,,,,,,,,,,,,,,,,,,,,,,,,,,,,,,,,,,,,,,,,,,,,,,,
"Jordan Mason",MIN,"RB",22969,,,,,,,"Emari Demercado",DAL,"RB",25654,,"Antonio Williams",WAS,"WR",25418,,,,,,,,,,,,"Jordan Mason",MIN,"RB",22969,,,,,,,,,,,,,,,,,,,,,,,,,,,,,,,,,,,,,,,,,,,,,,,
"Stefon Diggs",WAS,"WR",13981,,,,,,,"Jaydon Blue",PHI,"RB",24344,,"Darnell Mooney",NYG,"WR",19810,,,,,,,,,,,,"Stefon Diggs",WAS,"WR",13981,,,,,,,,,,,,,,,,,,,,,,,,,,,,,,,,,,,,,,,,,,,,,,,
"Chuba Hubbard",CAR,"RB",19792,,,,,,,"Trevor Etienne",CAR,"RB",25393,,"Xavier Legette",CAR,"WR",26136,,,,,,,,,,,,"Chuba Hubbard",CAR,"RB",19792,,,,,,,,,,,,,,,,,,,,,,,,,,,,,,,,,,,,,,,,,,,,,,,
"Jayden Reed",GB,"WR",23020,,,,,,,"Roschon Johnson",CHI,"RB",25322,,"Troy Franklin",DEN,"WR",23092,,,,,,,,,,,,"Jayden Reed",GB,"WR",23020,,,,,,,,,,,,,,,,,,,,,,,,,,,,,,,,,,,,,,,,,,,,,,,
"Josh Downs",IND,"WR",24706,,,,,,,"Tahj Brooks",CIN,"RB",26212,,"Keon Coleman",BUF,"WR",26019,,,,,,,,,,,,"Josh Downs",IND,"WR",24706,,,,,,,,,,,,,,,,,,,,,,,,,,,,,,,,,,,,,,,,,,,,,,,
"Brock Purdy",SF,"QB",19797,,,,,,,"Kyle Juszczyk",SF,"RB",11798,,"Jahan Dotson",ATL,"WR",23101,,,,,,,,,,,,"RJ Harvey",DEN,"RB",27142,,,,,,,,,,,,,,,,,,,,,,,,,,,,,,,,,,,,,,,,,,,,,,,
"RJ Harvey",DEN,"RB",27142,,,,,,,"Will Shipley",PHI,"RB",22930,,"Ted Hurst III",TB,"WR",28130,,,,,,,,,,,,"Michael Pittman Jr.",PIT,"WR",19278,,,,,,,,,,,,,,,,,,,,,,,,,,,,,,,,,,,,,,,,,,,,,,,
"Dak Prescott",DAL,"QB",15600,,,,,,,"Isaac Guerendo",SF,"RB",26392,,"Jack Bech",LV,"WR",27224,,,,,,,,,,,,"Jacory Croskey-Merritt",WAS,"RB",27316,,,,,,,,,,,,,,,,,,,,,,,,,,,,,,,,,,,,,,,,,,,,,,,
"Michael Pittman Jr.",PIT,"WR",19278,,,,,,,"Audric Estime",NO,"RB",23054,,"Darius Slayton",NYG,"WR",18706,,,,,,,,,,,,"George Kittle",SF,"TE",16499,,,,,,,,,,,,,,,,,,,,,,,,,,,,,,,,,,,,,,,,,,,,,,,
"Jacory Croskey-Merritt",WAS,"RB",27316,,,,,,,"Kareem Hunt",FA,"RB",16425,,"Bryce Lance",NO,"WR",28129,,,,,,,,,,,,"Brock Purdy",SF,"QB",19797,,,,,,,,,,,,,,,,,,,,,,,,,,,,,,,,,,,,,,,,,,,,,,,
"George Kittle",SF,"TE",16499,,,,,,,"Sione Vaki",DET,"RB",26309,,"Andrei Iosivas",CIN,"WR",25335,,,,,,,,,,,,"Jordan Addison",MIN,"WR",23107,,,,,,,,,,,,,,,,,,,,,,,,,,,,,,,,,,,,,,,,,,,,,,,
"Jordan Addison",MIN,"WR",23107,,,,,,,"Jaleel McLaughlin",CLE,"RB",25876,,"DeMario Douglas",NE,"WR",25304,,,,,,,,,,,,"Alec Pierce",IND,"WR",23791,,,,,,,,,,,,,,,,,,,,,,,,,,,,,,,,,,,,,,,,,,,,,,,
"Alec Pierce",IND,"WR",23791,,,,,,,"Raheim Sanders",CLE,"RB",24351,,"Kyle Williams",NE,"WR",27487,,,,,,,,,,,,"Michael Wilson",ARI,"WR",25333,,,,,,,,,,,,,,,,,,,,,,,,,,,,,,,,,,,,,,,,,,,,,,,
"Michael Wilson",ARI,"WR",25333,,,,,,,"Jerome Ford",WAS,"RB",22921,,"Xavier Hutchinson",HOU,"WR",25332,,,,,,,,,,,,"Kenny Gainwell",TB,"RB",23310,,,,,,,,,,,,,,,,,,,,,,,,,,,,,,,,,,,,,,,,,,,,,,,
"Kenny Gainwell",TB,"RB",23310,,,,,,,"Corey Kiner",NE,"RB",22997,,"Chimere Dike",TEN,"WR",27315,,,,,,,,,,,,"De'Zhaun Stribling",SF,"WR",28138,,,,,,,,,,,,,,,,,,,,,,,,,,,,,,,,,,,,,,,,,,,,,,,
"De'Zhaun Stribling",SF,"WR",28138,,,,,,,"Trey Benson",ARI,"RB",25388,,"Tank Dell",HOU,"WR",25361,,,,,,,,,,,,"Travis Kelce",KC,"TE",11594,,,,,,,,,,,,,,,,,,,,,,,,,,,,,,,,,,,,,,,,,,,,,,,
"Travis Kelce",KC,"TE",11594,,,,,,,"Rasheen Ali",BAL,"RB",25983,,"Elijah Sarratt",BAL,"WR",27463,,,,,,,,,,,,"Makai Lemon",PHI,"WR",25420,,,,,,,,,,,,,,,,,,,,,,,,,,,,,,,,,,,,,,,,,,,,,,,
"Makai Lemon",PHI,"WR",25420,,,,,,,"Bam Knight",ARI,"RB",24901,,"Elic Ayomanor",TEN,"WR",27059,,,,,,,,,,,,"Wan'Dale Robinson",TEN,"WR",22985,,,,,,,,,,,,,,,,,,,,,,,,,,,,,,,,,,,,,,,,,,,,,,,
"Bo Nix",DEN,"QB",22910,,,,,,,"Dylan Laube",LV,"RB",26194,,"Skyler Bell",BUF,"WR",28126,,,,,,,,,,,,"Dak Prescott",DAL,"QB",15600,,,,,,,,,,,,,,,,,,,,,,,,,,,,,,,,,,,,,,,,,,,,,,,
"Wan'Dale Robinson",TEN,"WR",22985,,,,,,,"Eli Heidenreich",PIT,"RB",28297,,"Kendrick Bourne",ARI,"WR",17066,,,,,,,,,,,,"Bo Nix",DEN,"QB",22910,,,,,,,,,,,,,,,,,,,,,,,,,,,,,,,,,,,,,,,,,,,,,,,
"Patrick Mahomes II",KC,"QB",16413,,,,,,,"Tyler Badie",DEN,"RB",23812,,"Tory Horton",SEA,"WR",26022,,,,,,,,,,,,"KC Concepcion",CLE,"WR",27331,,,,,,,,,,,,,,,,,,,,,,,,,,,,,,,,,,,,,,,,,,,,,,,
"KC Concepcion",CLE,"WR",27331,,,,,,,"Ronnie Rivers",LAR,"RB",23986,,"Jalen Tolbert",MIA,"WR",23770,,,,,,,,,,,,"Kyle Monangai",CHI,"RB",27131,,,,,,,,,,,,,,,,,,,,,,,,,,,,,,,,,,,,,,,,,,,,,,,
"Kyle Monangai",CHI,"RB",27131,,,,,,,"Jeremy McNichols",WAS,"RB",16445,,"Joshua Palmer",BUF,"WR",22845,,,,,,,,,,,,"Patrick Mahomes II",KC,"QB",16413,,,,,,,,,,,,,,,,,,,,,,,,,,,,,,,,,,,,,,,,,,,,,,,
"Dalton Kincaid",BUF,"TE",25247,,,,,,,"Hunter Luepke",DAL,"RB",25941,,"Mack Hollins",NE,"WR",16489,,,,,,,,,,,,"Dalton Kincaid",BUF,"TE",25247,,,,,,,,,,,,,,,,,,,,,,,,,,,,,,,,,,,,,,,,,,,,,,,
"Matthew Golden",GB,"WR",26024,,,,,,,"AJ Dillon",CAR,"RB",19358,,"KaVontae Turpin",DAL,"WR",18520,,,,,,,,,,,,"Matthew Golden",GB,"WR",26024,,,,,,,,,,,,,,,,,,,,,,,,,,,,,,,,,,,,,,,,,,,,,,,
"Xavier Worthy",KC,"WR",23019,,,,,,,"Ameer Abdullah",JAC,"RB",13924,,"Marvin Mims Jr.",DEN,"WR",23080,,,,,,,,,,,,"Xavier Worthy",KC,"WR",23019,,,,,,,,,,,,,,,,,,,,,,,,,,,,,,,,,,,,,,,,,,,,,,,
"Rachaad White",WAS,"RB",23891,,,,,,,"Julius Chestnut",TEN,"RB",24689,,"Kalif Raymond",CHI,"WR",16081,,,,,,,,,,,,"Rachaad White",WAS,"RB",23891,,,,,,,,,,,,,,,,,,,,,,,,,,,,,,,,,,,,,,,,,,,,,,,
"Kyler Murray",MIN,"QB",18600,,,,,,,"Devin Neal",FA,"RB",23682,,"Demarcus Robinson",SF,"WR",15665,,,,,,,,,,,,"Chris Rodriguez Jr.",JAC,"RB",22986,,,,,,,,,,,,,,,,,,,,,,,,,,,,,,,,,,,,,,,,,,,,,,,
"Chris Rodriguez Jr.",JAC,"RB",22986,,,,,,,"Reggie Gilliam",NE,"RB",19844,,"Roman Wilson",PIT,"WR",28896,,,,,,,,,,,,"Jakobi Meyers",JAC,"WR",18598,,,,,,,,,,,,,,,,,,,,,,,,,,,,,,,,,,,,,,,,,,,,,,,
"Jakobi Meyers",JAC,"WR",18598,,,,,,,"Kene Nwangwu",NYJ,"RB",23249,,"Christian Kirk",SF,"WR",17268,,,,,,,,,,,,"Aaron Jones Sr.",MIN,"RB",16673,,,,,,,,,,,,,,,,,,,,,,,,,,,,,,,,,,,,,,,,,,,,,,,
"Aaron Jones Sr.",MIN,"RB",16673,,,,,,,"Max Bredeson",MIN,"RB",28434,,"Malik Benson",LV,"WR",26012,,,,,,,,,,,,"Kyler Murray",MIN,"QB",18600,,,,,,,,,,,,,,,,,,,,,,,,,,,,,,,,,,,,,,,,,,,,,,,
"Jared Goff",DET,"QB",15501,,,,,,,"Jarquez Hunter",FA,"RB",24335,,"Brenen Thompson",LAC,"WR",28133,,,,,,,,,,,,"Jared Goff",DET,"QB",15501,,,,,,,,,,,,,,,,,,,,,,,,,,,,,,,,,,,,,,,,,,,,,,,
"Matthew Stafford",LAR,"QB",9451,,,,,,,"Patrick Ricard",NYG,"RB",17145,,"Hollywood Brown",PHI,"WR",18226,,,,,,,,,,,,"Matthew Stafford",LAR,"QB",9451,,,,,,,,,,,,,,,,,,,,,,,,,,,,,,,,,,,,,,,,,,,,,,,
"Dallas Goedert",PHI,"TE",17270,,,,,,,,,,,,"Zavion Thomas",CHI,"WR",28132,,,,,,,,,,,,"Dallas Goedert",PHI,"TE",17270,,,,,,,,,,,,,,,,,,,,,,,,,,,,,,,,,,,,,,,,,,,,,,,
"Jaxson Dart",NYG,"QB",23160,,,,,,,,,,,,"Olamide Zaccheaus",ATL,"WR",18864,,,,,,,,,,,,"Jaxson Dart",NYG,"QB",23160,,,,,,,,,,,,,,,,,,,,,,,,,,,,,,,,,,,,,,,,,,,,,,,
"Isaiah Likely",NYG,"TE",23781,,,,,,,,,,,,"Treylon Burks",WAS,"WR",22905,,,,,,,,,,,,"Isaiah Likely",NYG,"TE",23781,,,,,,,,,,,,,,,,,,,,,,,,,,,,,,,,,,,,,,,,,,,,,,,
"Romeo Doubs",NE,"WR",23794,,,,,,,,,,,,"Odell Beckham Jr.",NYG,"WR",12127,,,,,,,,,,,,"Romeo Doubs",NE,"WR",23794,,,,,,,,,,,,,,,,,,,,,,,,,,,,,,,,,,,,,,,,,,,,,,,
"Woody Marks",HOU,"RB",27520,,,,,,,,,,,,"Tutu Atwell",LAR,"WR",20126,,,,,,,,,,,,"Jordan Love",GB,"QB",19246,,,,,,,,,,,,,,,,,,,,,,,,,,,,,,,,,,,,,,,,,,,,,,,
"Tyjae Spears",TEN,"RB",25323,,,,,,,,,,,,"Tez Johnson",TB,"WR",27147,,,,,,,,,,,,"Woody Marks",HOU,"RB",27520,,,,,,,,,,,,,,,,,,,,,,,,,,,,,,,,,,,,,,,,,,,,,,,
"Jalen Coker",CAR,"WR",26403,,,,,,,,,,,,"Isaiah Williams",NYJ,"WR",26379,,,,,,,,,,,,"Tyjae Spears",TEN,"RB",25323,,,,,,,,,,,,,,,,,,,,,,,,,,,,,,,,,,,,,,,,,,,,,,,
"Mike Washington Jr.",LV,"RB",28108,,,,,,,,,,,,"Colbie Young",CIN,"WR",26037,,,,,,,,,,,,"Jalen Coker",CAR,"WR",26403,,,,,,,,,,,,,,,,,,,,,,,,,,,,,,,,,,,,,,,,,,,,,,,
"Jonah Coleman",DEN,"RB",27320,,,,,,,,,,,,"Isaiah Bond",CLE,"WR",24371,,,,,,,,,,,,"Mike Washington Jr.",LV,"RB",28108,,,,,,,,,,,,,,,,,,,,,,,,,,,,,,,,,,,,,,,,,,,,,,,
"Khalil Shakir",BUF,"WR",23748,,,,,,,,,,,,"Konata Mumpfield",LAR,"WR",27449,,,,,,,,,,,,"Jonah Coleman",DEN,"RB",27320,,,,,,,,,,,,,,,,,,,,,,,,,,,,,,,,,,,,,,,,,,,,,,,
"Deebo Samuel Sr.",SF,"WR",18244,,,,,,,,,,,,"Jalen Royals",KC,"WR",27076,,,,,,,,,,,,"Khalil Shakir",BUF,"WR",23748,,,,,,,,,,,,,,,,,,,,,,,,,,,,,,,,,,,,,,,,,,,,,,,
"Mark Andrews",BAL,"TE",17269,,,,,,,,,,,,"Kevin Coleman Jr.",MIA,"WR",28067,,,,,,,,,,,,"Deebo Samuel Sr.",SF,"WR",18244,,,,,,,,,,,,,,,,,,,,,,,,,,,,,,,,,,,,,,,,,,,,,,,
"Tyler Allgeier",ARI,"RB",24172,,,,,,,,,,,,"Luke McCaffrey",WAS,"WR",26328,,,,,,,,,,,,"Mark Andrews",BAL,"TE",17269,,,,,,,,,,,,,,,,,,,,,,,,,,,,,,,,,,,,,,,,,,,,,,,
"Jordan Love",GB,"QB",19246,,,,,,,,,,,,"Jaylin Lane",WAS,"WR",27454,,,,,,,,,,,,"Tyler Allgeier",ARI,"RB",24172,,,,,,,,,,,,,,,,,,,,,,,,,,,,,,,,,,,,,,,,,,,,,,,
"Keaton Mitchell",LAC,"RB",25360,,,,,,,,,,,,"Ashton Dulin",IND,"WR",18656,,,,,,,,,,,,"Keaton Mitchell",LAC,"RB",25360,,,,,,,,,,,,,,,,,,,,,,,,,,,,,,,,,,,,,,,,,,,,,,,
"Juwan Johnson",NO,"TE",19562,,,,,,,,,,,,"Savion Williams",GB,"WR",27144,,,,,,,,,,,,"Juwan Johnson",NO,"TE",19562,,,,,,,,,,,,,,,,,,,,,,,,,,,,,,,,,,,,,,,,,,,,,,,
"Jake Ferguson",DAL,"TE",22718,,,,,,,,,,,,"Jordan Whittington",LAR,"WR",23135,,,,,,,,,,,,"Jake Ferguson",DAL,"TE",22718,,,,,,,,,,,,,,,,,,,,,,,,,,,,,,,,,,,,,,,,,,,,,,,
"Malik Willis",MIA,"QB",23499,,,,,,,,,,,,"Barion Brown",NO,"WR",25416,,,,,,,,,,,,"Rashid Shaheed",SEA,"WR",24687,,,,,,,,,,,,,,,,,,,,,,,,,,,,,,,,,,,,,,,,,,,,,,,
"Rashid Shaheed",SEA,"WR",24687,,,,,,,,,,,,"Dont'e Thornton Jr.",LV,"WR",27288,,,,,,,,,,,,"Tank Bigsby",PHI,"RB",22908,,,,,,,,,,,,,,,,,,,,,,,,,,,,,,,,,,,,,,,,,,,,,,,
"Baker Mayfield",TB,"QB",17237,,,,,,,,,,,,"Jahdae Walker",CHI,"WR",27810,,,,,,,,,,,,"Tre Tucker",LV,"WR",25337,,,,,,,,,,,,,,,,,,,,,,,,,,,,,,,,,,,,,,,,,,,,,,,
"Tank Bigsby",PHI,"RB",22908,,,,,,,,,,,,,,,,,,,,,,,,,,,"Josh Jacobs",GB,"RB",18269,,,,,,,,,,,,,,,,,,,,,,,,,,,,,,,,,,,,,,,,,,,,,,,
"Tre Tucker",LV,"WR",25337,,,,,,,,,,,,,,,,,,,,,,,,,,,"Denzel Boston",CLE,"WR",27339,,,,,,,,,,,,,,,,,,,,,,,,,,,,,,,,,,,,,,,,,,,,,,,
"Josh Jacobs",GB,"RB",18269,,,,,,,,,,,,,,,,,,,,,,,,,,,"Hunter Henry",NE,"TE",15561,,,,,,,,,,,,,,,,,,,,,,,,,,,,,,,,,,,,,,,,,,,,,,,
"Denzel Boston",CLE,"WR",27339,,,,,,,,,,,,,,,,,,,,,,,,,,,"Emmett Johnson",KC,"RB",28107,,,,,,,,,,,,,,,,,,,,,,,,,,,,,,,,,,,,,,,,,,,,,,,
"Hunter Henry",NE,"TE",15561,,,,,,,,,,,,,,,,,,,,,,,,,,,"Malik Willis",MIA,"QB",23499,,,,,,,,,,,,,,,,,,,,,,,,,,,,,,,,,,,,,,,,,,,,,,,
"Tyler Shough",NO,"QB",23096,,,,,,,,,,,,,,,,,,,,,,,,,,,"Jordyn Tyson",NO,"WR",26035,,,,,,,,,,,,,,,,,,,,,,,,,,,,,,,,,,,,,,,,,,,,,,,
"Emmett Johnson",KC,"RB",28107,,,,,,,,,,,,,,,,,,,,,,,,,,,"Brian Robinson Jr.",ATL,"RB",20094,,,,,,,,,,,,,,,,,,,,,,,,,,,,,,,,,,,,,,,,,,,,,,,
"Houston Texans",HOU,"DST",8120,,,,,,,,,,,,,,,,,,,,,,,,,,,"Brenton Strange",JAC,"TE",25345,,,,,,,,,,,,,,,,,,,,,,,,,,,,,,,,,,,,,,,,,,,,,,,
"Jordyn Tyson",NO,"WR",26035,,,,,,,,,,,,,,,,,,,,,,,,,,,"Dylan Sampson",CLE,"RB",27102,,,,,,,,,,,,,,,,,,,,,,,,,,,,,,,,,,,,,,,,,,,,,,,
"Los Angeles Rams",LAR,"DST",8280,,,,,,,,,,,,,,,,,,,,,,,,,,,"Zach Charbonnet",SEA,"RB",23152,,,,,,,,,,,,,,,,,,,,,,,,,,,,,,,,,,,,,,,,,,,,,,,
"Denver Broncos",DEN,"DST",8090,,,,,,,,,,,,,,,,,,,,,,,,,,,"Dalton Schultz",HOU,"TE",17349,,,,,,,,,,,,,,,,,,,,,,,,,,,,,,,,,,,,,,,,,,,,,,,
"Brian Robinson Jr.",ATL,"RB",20094,,,,,,,,,,,,,,,,,,,,,,,,,,,"Kayshon Boutte",HOU,"WR",22989,,,,,,,,,,,,,,,,,,,,,,,,,,,,,,,,,,,,,,,,,,,,,,,
"Brenton Strange",JAC,"TE",25345,,,,,,,,,,,,,,,,,,,,,,,,,,,"Jalen McMillan",TB,"WR",23179,,,,,,,,,,,,,,,,,,,,,,,,,,,,,,,,,,,,,,,,,,,,,,,
"Dylan Sampson",CLE,"RB",27102,,,,,,,,,,,,,,,,,,,,,,,,,,,"Adonai Mitchell",NYJ,"WR",24357,,,,,,,,,,,,,,,,,,,,,,,,,,,,,,,,,,,,,,,,,,,,,,,
"Seattle Seahawks",SEA,"DST",8260,,,,,,,,,,,,,,,,,,,,,,,,,,,"Ryan Flournoy",DAL,"WR",26398,,,,,,,,,,,,,,,,,,,,,,,,,,,,,,,,,,,,,,,,,,,,,,,
"Zach Charbonnet",SEA,"RB",23152,,,,,,,,,,,,,,,,,,,,,,,,,,,"Dontayvion Wicks",PHI,"WR",24354,,,,,,,,,,,,,,,,,,,,,,,,,,,,,,,,,,,,,,,,,,,,,,,
"Dalton Schultz",HOU,"TE",17349,,,,,,,,,,,,,,,,,,,,,,,,,,,"Tre' Harris",LAC,"WR",26215,,,,,,,,,,,,,,,,,,,,,,,,,,,,,,,,,,,,,,,,,,,,,,,
"Daniel Jones",IND,"QB",18232,,,,,,,,,,,,,,,,,,,,,,,,,,,"Keenan Allen",IND,"WR",11616,,,,,,,,,,,,,,,,,,,,,,,,,,,,,,,,,,,,,,,,,,,,,,,
"Kayshon Boutte",HOU,"WR",22989,,,,,,,,,,,,,,,,,,,,,,,,,,,"Chig Okonkwo",WAS,"TE",23982,,,,,,,,,,,,,,,,,,,,,,,,,,,,,,,,,,,,,,,,,,,,,,,
"Jalen McMillan",TB,"WR",23179,,,,,,,,,,,,,,,,,,,,,,,,,,,"Braelon Allen",NYJ,"RB",24346,,,,,,,,,,,,,,,,,,,,,,,,,,,,,,,,,,,,,,,,,,,,,,,
"Adonai Mitchell",NYJ,"WR",24357,,,,,,,,,,,,,,,,,,,,,,,,,,,"Ray Davis",BUF,"RB",26191,,,,,,,,,,,,,,,,,,,,,,,,,,,,,,,,,,,,,,,,,,,,,,,
"Sam Darnold",SEA,"QB",17236,,,,,,,,,,,,,,,,,,,,,,,,,,,"Alvin Kamara",NO,"RB",16421,,,,,,,,,,,,,,,,,,,,,,,,,,,,,,,,,,,,,,,,,,,,,,,
"Ryan Flournoy",DAL,"WR",26398,,,,,,,,,,,,,,,,,,,,,,,,,,,"Jalen Nailor",LV,"WR",24177,,,,,,,,,,,,,,,,,,,,,,,,,,,,,,,,,,,,,,,,,,,,,,,
"Brandon Aubrey",DAL,"K",26068,,,,,,,,,,,,,,,,,,,,,,,,,,,"Pat Bryant",DEN,"WR",27211,,,,,,,,,,,,,,,,,,,,,,,,,,,,,,,,,,,,,,,,,,,,,,,
"Dontayvion Wicks",PHI,"WR",24354,,,,,,,,,,,,,,,,,,,,,,,,,,,"Ja'Kobi Lane",BAL,"WR",27337,,,,,,,,,,,,,,,,,,,,,,,,,,,,,,,,,,,,,,,,,,,,,,,
"Tre' Harris",LAC,"WR",26215,,,,,,,,,,,,,,,,,,,,,,,,,,,"Jerry Jeudy",CLE,"WR",19201,,,,,,,,,,,,,,,,,,,,,,,,,,,,,,,,,,,,,,,,,,,,,,,
"Keenan Allen",IND,"WR",11616,,,,,,,,,,,,,,,,,,,,,,,,,,,"Jauan Jennings",MIN,"WR",19590,,,,,,,,,,,,,,,,,,,,,,,,,,,,,,,,,,,,,,,,,,,,,,,
"Chig Okonkwo",WAS,"TE",23982,,,,,,,,,,,,,,,,,,,,,,,,,,,"Kaelon Black",SF,"RB",28401,,,,,,,,,,,,,,,,,,,,,,,,,,,,,,,,,,,,,,,,,,,,,,,
"Braelon Allen",NYJ,"RB",24346,,,,,,,,,,,,,,,,,,,,,,,,,,,"T.J. Hockenson",MIN,"TE",18290,,,,,,,,,,,,,,,,,,,,,,,,,,,,,,,,,,,,,,,,,,,,,,,
"Ray Davis",BUF,"RB",26191,,,,,,,,,,,,,,,,,,,,,,,,,,,"Terrance Ferguson",LAR,"TE",23091,,,,,,,,,,,,,,,,,,,,,,,,,,,,,,,,,,,,,,,,,,,,,,,
"C.J. Stroud",HOU,"QB",23071,,,,,,,,,,,,,,,,,,,,,,,,,,,"Caleb Douglas",MIA,"WR",28135,,,,,,,,,,,,,,,,,,,,,,,,,,,,,,,,,,,,,,,,,,,,,,,
"Alvin Kamara",NO,"RB",16421,,,,,,,,,,,,,,,,,,,,,,,,,,,"AJ Barner",SEA,"TE",26335,,,,,,,,,,,,,,,,,,,,,,,,,,,,,,,,,,,,,,,,,,,,,,,
"Jalen Nailor",LV,"WR",24177,,,,,,,,,,,,,,,,,,,,,,,,,,,"Baker Mayfield",TB,"QB",17237,,,,,,,,,,,,,,,,,,,,,,,,,,,,,,,,,,,,,,,,,,,,,,,
"Pat Bryant",DEN,"WR",27211,,,,,,,,,,,,,,,,,,,,,,,,,,,"Omar Cooper Jr.",NYJ,"WR",28127,,,,,,,,,,,,,,,,,,,,,,,,,,,,,,,,,,,,,,,,,,,,,,,
"Ja'Kobi Lane",BAL,"WR",27337,,,,,,,,,,,,,,,,,,,,,,,,,,,"Kimani Vidal",LAC,"RB",26355,,,,,,,,,,,,,,,,,,,,,,,,,,,,,,,,,,,,,,,,,,,,,,,
"Ka'imi Fairbairn",HOU,"K",15756,,,,,,,,,,,,,,,,,,,,,,,,,,,"Calvin Ridley",TEN,"WR",17258,,,,,,,,,,,,,,,,,,,,,,,,,,,,,,,,,,,,,,,,,,,,,,,
"Jerry Jeudy",CLE,"WR",19201,,,,,,,,,,,,,,,,,,,,,,,,,,,"Malik Davis",DAL,"RB",24205,,,,,,,,,,,,,,,,,,,,,,,,,,,,,,,,,,,,,,,,,,,,,,,
"Jauan Jennings",MIN,"WR",19590,,,,,,,,,,,,,,,,,,,,,,,,,,,"Pat Freiermuth",PIT,"TE",20163,,,,,,,,,,,,,,,,,,,,,,,,,,,,,,,,,,,,,,,,,,,,,,,
"Kaelon Black",SF,"RB",28401,,,,,,,,,,,,,,,,,,,,,,,,,,,"Jaylin Noel",HOU,"WR",27122,,,,,,,,,,,,,,,,,,,,,,,,,,,,,,,,,,,,,,,,,,,,,,,
"Cameron Dicker",LAC,"K",23901,,,,,,,,,,,,,,,,,,,,,,,,,,,"Najee Harris",NYG,"RB",19302,,,,,,,,,,,,,,,,,,,,,,,,,,,,,,,,,,,,,,,,,,,,,,,
"T.J. Hockenson",MIN,"TE",18290,,,,,,,,,,,,,,,,,,,,,,,,,,,"Justice Hill",BAL,"RB",18256,,,,,,,,,,,,,,,,,,,,,,,,,,,,,,,,,,,,,,,,,,,,,,,
"Philadelphia Eagles",PHI,"DST",8230,,,,,,,,,,,,,,,,,,,,,,,,,,,"Tyrone Tracy Jr.",NYG,"RB",22980,,,,,,,,,,,,,,,,,,,,,,,,,,,,,,,,,,,,,,,,,,,,,,,
"Cam Little",JAC,"K",26475,,,,,,,,,,,,,,,,,,,,,,,,,,,"Malachi Fields",NYG,"WR",27994,,,,,,,,,,,,,,,,,,,,,,,,,,,,,,,,,,,,,,,,,,,,,,,
"Pittsburgh Steelers",PIT,"DST",8240,,,,,,,,,,,,,,,,,,,,,,,,,,,"Cade Otton",TB,"TE",23181,,,,,,,,,,,,,,,,,,,,,,,,,,,,,,,,,,,,,,,,,,,,,,,
"New England Patriots",NE,"DST",8180,,,,,,,,,,,,,,,,,,,,,,,,,,,"Samaje Perine",CIN,"RB",16423,,,,,,,,,,,,,,,,,,,,,,,,,,,,,,,,,,,,,,,,,,,,,,,
"Terrance Ferguson",LAR,"TE",23091,,,,,,,,,,,,,,,,,,,,,,,,,,,"Nicholas Singleton",TEN,"RB",24343,,,,,,,,,,,,,,,,,,,,,,,,,,,,,,,,,,,,,,,,,,,,,,,
"Caleb Douglas",MIA,"WR",28135,,,,,,,,,,,,,,,,,,,,,,,,,,,"Sean Tucker",TB,"RB",23679,,,,,,,,,,,,,,,,,,,,,,,,,,,,,,,,,,,,,,,,,,,,,,,
"AJ Barner",SEA,"TE",26335,,,,,,,,,,,,,,,,,,,,,,,,,,,"Devaughn Vele",NO,"WR",26409,,,,,,,,,,,,,,,,,,,,,,,,,,,,,,,,,,,,,,,,,,,,,,,
"Jason Myers",SEA,"K",14003,,,,,,,,,,,,,,,,,,,,,,,,,,,"Cyrus Allen",KC,"WR",28424,,,,,,,,,,,,,,,,,,,,,,,,,,,,,,,,,,,,,,,,,,,,,,,
"Omar Cooper Jr.",NYJ,"WR",28127,,,,,,,,,,,,,,,,,,,,,,,,,,,"Travis Hunter",JAC,"WR",26034,,,,,,,,,,,,,,,,,,,,,,,,,,,,,,,,,,,,,,,,,,,,,,,
"Kimani Vidal",LAC,"RB",26355,,,,,,,,,,,,,,,,,,,,,,,,,,,"Rashod Bateman",BAL,"WR",19794,,,,,,,,,,,,,,,,,,,,,,,,,,,,,,,,,,,,,,,,,,,,,,,
"Kansas City Chiefs",KC,"DST",8150,,,,,,,,,,,,,,,,,,,,,,,,,,,"Chris Bell",MIA,"WR",26038,,,,,,,,,,,,,,,,,,,,,,,,,,,,,,,,,,,,,,,,,,,,,,,
"Baltimore Ravens",BAL,"DST",8020,,,,,,,,,,,,,,,,,,,,,,,,,,,"Malik Washington",MIA,"WR",26314,,,,,,,,,,,,,,,,,,,,,,,,,,,,,,,,,,,,,,,,,,,,,,,
"Calvin Ridley",TEN,"WR",17258,,,,,,,,,,,,,,,,,,,,,,,,,,,"Kenyon Sadiq",NYJ,"TE",26055,,,,,,,,,,,,,,,,,,,,,,,,,,,,,,,,,,,,,,,,,,,,,,,
"Malik Davis",DAL,"RB",24205,,,,,,,,,,,,,,,,,,,,,,,,,,,"Greg Dulcich",MIA,"TE",23153,,,,,,,,,,,,,,,,,,,,,,,,,,,,,,,,,,,,,,,,,,,,,,,
"Jacksonville Jaguars",JAC,"DST",8140,,,,,,,,,,,,,,,,,,,,,,,,,,,"Kaytron Allen",WAS,"RB",24362,,,,,,,,,,,,,,,,,,,,,,,,,,,,,,,,,,,,,,,,,,,,,,,
"Bryce Young",CAR,"QB",22900,,,,,,,,,,,,,,,,,,,,,,,,,,,"Isaac TeSlaa",DET,"WR",27446,,,,,,,,,,,,,,,,,,,,,,,,,,,,,,,,,,,,,,,,,,,,,,,
"Cam Ward",TEN,"QB",24755,,,,,,,,,,,,,,,,,,,,,,,,,,,"Gunnar Helm",TEN,"TE",27109,,,,,,,,,,,,,,,,,,,,,,,,,,,,,,,,,,,,,,,,,,,,,,,
"Pat Freiermuth",PIT,"TE",20163,,,,,,,,,,,,,,,,,,,,,,,,,,,"Kaleb Johnson",GB,"RB",27165,,,,,,,,,,,,,,,,,,,,,,,,,,,,,,,,,,,,,,,,,,,,,,,
"Jaylin Noel",HOU,"WR",27122,,,,,,,,,,,,,,,,,,,,,,,,,,,"Cooper Kupp",SEA,"WR",16433,,,,,,,,,,,,,,,,,,,,,,,,,,,,,,,,,,,,,,,,,,,,,,,
"Najee Harris",NYG,"RB",19302,,,,,,,,,,,,,,,,,,,,,,,,,,,"Chris Brooks",GB,"RB",25823,,,,,,,,,,,,,,,,,,,,,,,,,,,,,,,,,,,,,,,,,,,,,,,
"Justice Hill",BAL,"RB",18256,,,,,,,,,,,,,,,,,,,,,,,,,,,"Zachariah Branch",ATL,"WR",25419,,,,,,,,,,,,,,,,,,,,,,,,,,,,,,,,,,,,,,,,,,,,,,,
"Tyrone Tracy Jr.",NYG,"RB",22980,,,,,,,,,,,,,,,,,,,,,,,,,,,"Demond Claiborne",MIN,"RB",28084,,,,,,,,,,,,,,,,,,,,,,,,,,,,,,,,,,,,,,,,,,,,,,,
"Charlie Smyth",NO,"K",26444,,,,,,,,,,,,,,,,,,,,,,,,,,,"Seth McGowan",IND,"RB",23079,,,,,,,,,,,,,,,,,,,,,,,,,,,,,,,,,,,,,,,,,,,,,,,
"Malachi Fields",NYG,"WR",27994,,,,,,,,,,,,,,,,,,,,,,,,,,,"Jordan James",SF,"RB",27310,,,,,,,,,,,,,,,,,,,,,,,,,,,,,,,,,,,,,,,,,,,,,,,
"Indianapolis Colts",IND,"DST",8130,,,,,,,,,,,,,,,,,,,,,,,,,,,"Germie Bernard",PIT,"WR",26039,,,,,,,,,,,,,,,,,,,,,,,,,,,,,,,,,,,,,,,,,,,,,,,
"Cade Otton",TB,"TE",23181,,,,,,,,,,,,,,,,,,,,,,,,,,,"Jaylen Wright",MIA,"RB",25987,,,,,,,,,,,,,,,,,,,,,,,,,,,,,,,,,,,,,,,,,,,,,,,
"Samaje Perine",CIN,"RB",16423,,,,,,,,,,,,,,,,,,,,,,,,,,,"George Holani",SEA,"RB",22915,,,,,,,,,,,,,,,,,,,,,,,,,,,,,,,,,,,,,,,,,,,,,,,
"Nicholas Singleton",TEN,"RB",24343,,,,,,,,,,,,,,,,,,,,,,,,,,,"Tyquan Thornton",KC,"WR",22913,,,,,,,,,,,,,,,,,,,,,,,,,,,,,,,,,,,,,,,,,,,,,,,
"Sean Tucker",TB,"RB",23679,,,,,,,,,,,,,,,,,,,,,,,,,,,"Colby Parkinson",LAR,"TE",19372,,,,,,,,,,,,,,,,,,,,,,,,,,,,,,,,,,,,,,,,,,,,,,,
"Devaughn Vele",NO,"WR",26409,,,,,,,,,,,,,,,,,,,,,,,,,,,"David Njoku",LAC,"TE",16399,,,,,,,,,,,,,,,,,,,,,,,,,,,,,,,,,,,,,,,,,,,,,,,
"Cyrus Allen",KC,"WR",28424,,,,,,,,,,,,,,,,,,,,,,,,,,,"Antonio Williams",WAS,"WR",25418,,,,,,,,,,,,,,,,,,,,,,,,,,,,,,,,,,,,,,,,,,,,,,,
"Ben Sauls",FA,"K",27798,,,,,,,,,,,,,,,,,,,,,,,,,,,"Emanuel Wilson",SEA,"RB",25885,,,,,,,,,,,,,,,,,,,,,,,,,,,,,,,,,,,,,,,,,,,,,,,
"Travis Hunter",JAC,"WR",26034,,,,,,,,,,,,,,,,,,,,,,,,,,,"Evan Engram",DEN,"TE",16411,,,,,,,,,,,,,,,,,,,,,,,,,,,,,,,,,,,,,,,,,,,,,,,
"Aaron Rodgers",PIT,"QB",9001,,,,,,,,,,,,,,,,,,,,,,,,,,,"Charlie Kolar",LAC,"TE",22756,,,,,,,,,,,,,,,,,,,,,,,,,,,,,,,,,,,,,,,,,,,,,,,
"Rashod Bateman",BAL,"WR",19794,,,,,,,,,,,,,,,,,,,,,,,,,,,"Darnell Mooney",NYG,"WR",19810,,,,,,,,,,,,,,,,,,,,,,,,,,,,,,,,,,,,,,,,,,,,,,,
"Chris Bell",MIA,"WR",26038,,,,,,,,,,,,,,,,,,,,,,,,,,,"Oronde Gadsden II",LAC,"TE",25997,,,,,,,,,,,,,,,,,,,,,,,,,,,,,,,,,,,,,,,,,,,,,,,
"Malik Washington",MIA,"WR",26314,,,,,,,,,,,,,,,,,,,,,,,,,,,"Xavier Legette",CAR,"WR",26136,,,,,,,,,,,,,,,,,,,,,,,,,,,,,,,,,,,,,,,,,,,,,,,
"Eddy Pineiro",SF,"K",17575,,,,,,,,,,,,,,,,,,,,,,,,,,,"Kendre Miller",NO,"RB",24360,,,,,,,,,,,,,,,,,,,,,,,,,,,,,,,,,,,,,,,,,,,,,,,
"Chase McLaughlin",TB,"K",19058,,,,,,,,,,,,,,,,,,,,,,,,,,,"Troy Franklin",DEN,"WR",23092,,,,,,,,,,,,,,,,,,,,,,,,,,,,,,,,,,,,,,,,,,,,,,,
"Kenyon Sadiq",NYJ,"TE",26055,,,,,,,,,,,,,,,,,,,,,,,,,,,"Isiah Pacheco",DET,"RB",24333,,,,,,,,,,,,,,,,,,,,,,,,,,,,,,,,,,,,,,,,,,,,,,,
"Greg Dulcich",MIA,"TE",23153,,,,,,,,,,,,,,,,,,,,,,,,,,,"Keon Coleman",BUF,"WR",26019,,,,,,,,,,,,,,,,,,,,,,,,,,,,,,,,,,,,,,,,,,,,,,,
"Kaytron Allen",WAS,"RB",24362,,,,,,,,,,,,,,,,,,,,,,,,,,,"Mike Gesicki",CIN,"TE",17272,,,,,,,,,,,,,,,,,,,,,,,,,,,,,,,,,,,,,,,,,,,,,,,
"Isaac TeSlaa",DET,"WR",27446,,,,,,,,,,,,,,,,,,,,,,,,,,,"Jahan Dotson",ATL,"WR",23101,,,,,,,,,,,,,,,,,,,,,,,,,,,,,,,,,,,,,,,,,,,,,,,
"Trey Smack",GB,"K",28507,,,,,,,,,,,,,,,,,,,,,,,,,,,"Ted Hurst III",TB,"WR",28130,,,,,,,,,,,,,,,,,,,,,,,,,,,,,,,,,,,,,,,,,,,,,,,
"Gunnar Helm",TEN,"TE",27109,,,,,,,,,,,,,,,,,,,,,,,,,,,"Jack Bech",LV,"WR",27224,,,,,,,,,,,,,,,,,,,,,,,,,,,,,,,,,,,,,,,,,,,,,,,
"Kaleb Johnson",GB,"RB",27165,,,,,,,,,,,,,,,,,,,,,,,,,,,"Darius Slayton",NYG,"WR",18706,,,,,,,,,,,,,,,,,,,,,,,,,,,,,,,,,,,,,,,,,,,,,,,
"Will Reichard",MIN,"K",26341,,,,,,,,,,,,,,,,,,,,,,,,,,,"Michael Mayer",LV,"TE",23056,,,,,,,,,,,,,,,,,,,,,,,,,,,,,,,,,,,,,,,,,,,,,,,
"Cooper Kupp",SEA,"WR",16433,,,,,,,,,,,,,,,,,,,,,,,,,,,"Bryce Lance",NO,"WR",28129,,,,,,,,,,,,,,,,,,,,,,,,,,,,,,,,,,,,,,,,,,,,,,,
"Chris Brooks",GB,"RB",25823,,,,,,,,,,,,,,,,,,,,,,,,,,,"Darren Waller",CAR,"TE",14104,,,,,,,,,,,,,,,,,,,,,,,,,,,,,,,,,,,,,,,,,,,,,,,
"Zachariah Branch",ATL,"WR",25419,,,,,,,,,,,,,,,,,,,,,,,,,,,"Darnell Washington",PIT,"TE",22967,,,,,,,,,,,,,,,,,,,,,,,,,,,,,,,,,,,,,,,,,,,,,,,
"Demond Claiborne",MIN,"RB",28084,,,,,,,,,,,,,,,,,,,,,,,,,,,"Andrei Iosivas",CIN,"WR",25335,,,,,,,,,,,,,,,,,,,,,,,,,,,,,,,,,,,,,,,,,,,,,,,
"Minnesota Vikings",MIN,"DST",8170,,,,,,,,,,,,,,,,,,,,,,,,,,,"Isaiah Davis",NYJ,"RB",25977,,,,,,,,,,,,,,,,,,,,,,,,,,,,,,,,,,,,,,,,,,,,,,,
"Seth McGowan",IND,"RB",23079,,,,,,,,,,,,,,,,,,,,,,,,,,,"James Conner",ARI,"RB",16447,,,,,,,,,,,,,,,,,,,,,,,,,,,,,,,,,,,,,,,,,,,,,,,
"Jordan James",SF,"RB",27310,,,,,,,,,,,,,,,,,,,,,,,,,,,"Ty Johnson",BUF,"RB",18406,,,,,,,,,,,,,,,,,,,,,,,,,,,,,,,,,,,,,,,,,,,,,,,
"New Orleans Saints",NO,"DST",8190,,,,,,,,,,,,,,,,,,,,,,,,,,,"DeMario Douglas",NE,"WR",25304,,,,,,,,,,,,,,,,,,,,,,,,,,,,,,,,,,,,,,,,,,,,,,,
"Jake Bates",DET,"K",26075,,,,,,,,,,,,,,,,,,,,,,,,,,,"Ollie Gordon II",MIA,"RB",25984,,,,,,,,,,,,,,,,,,,,,,,,,,,,,,,,,,,,,,,,,,,,,,,
"Germie Bernard",PIT,"WR",26039,,,,,,,,,,,,,,,,,,,,,,,,,,,"LeQuint Allen Jr.",JAC,"RB",27285,,,,,,,,,,,,,,,,,,,,,,,,,,,,,,,,,,,,,,,,,,,,,,,
"Jaylen Wright",MIA,"RB",25987,,,,,,,,,,,,,,,,,,,,,,,,,,,"DJ Giddens",IND,"RB",27097,,,,,,,,,,,,,,,,,,,,,,,,,,,,,,,,,,,,,,,,,,,,,,,
"George Holani",SEA,"RB",22915,,,,,,,,,,,,,,,,,,,,,,,,,,,"Kyle Williams",NE,"WR",27487,,,,,,,,,,,,,,,,,,,,,,,,,,,,,,,,,,,,,,,,,,,,,,,
"Tyquan Thornton",KC,"WR",22913,,,,,,,,,,,,,,,,,,,,,,,,,,,"Brashard Smith",KC,"RB",27259,,,,,,,,,,,,,,,,,,,,,,,,,,,,,,,,,,,,,,,,,,,,,,,
"Harrison Mevis",LAR,"K",26638,,,,,,,,,,,,,,,,,,,,,,,,,,,"Devin Singletary",NYG,"RB",18280,,,,,,,,,,,,,,,,,,,,,,,,,,,,,,,,,,,,,,,,,,,,,,,
"Dallas Cowboys",DAL,"DST",8080,,,,,,,,,,,,,,,,,,,,,,,,,,,"Adam Randall",BAL,"RB",24367,,,,,,,,,,,,,,,,,,,,,,,,,,,,,,,,,,,,,,,,,,,,,,,
"Evan McPherson",CIN,"K",23297,,,,,,,,,,,,,,,,,,,,,,,,,,,"Xavier Hutchinson",HOU,"WR",25332,,,,,,,,,,,,,,,,,,,,,,,,,,,,,,,,,,,,,,,,,,,,,,,
"Colby Parkinson",LAR,"TE",19372,,,,,,,,,,,,,,,,,,,,,,,,,,,"Chimere Dike",TEN,"WR",27315,,,,,,,,,,,,,,,,,,,,,,,,,,,,,,,,,,,,,,,,,,,,,,,
"David Njoku",LAC,"TE",16399,,,,,,,,,,,,,,,,,,,,,,,,,,,"Jacob Saylors",DET,"RB",25693,,,,,,,,,,,,,,,,,,,,,,,,,,,,,,,,,,,,,,,,,,,,,,,
"Antonio Williams",WAS,"WR",25418,,,,,,,,,,,,,,,,,,,,,,,,,,,"Emari Demercado",DAL,"RB",25654,,,,,,,,,,,,,,,,,,,,,,,,,,,,,,,,,,,,,,,,,,,,,,,
"Emanuel Wilson",SEA,"RB",25885,,,,,,,,,,,,,,,,,,,,,,,,,,,"Tank Dell",HOU,"WR",25361,,,,,,,,,,,,,,,,,,,,,,,,,,,,,,,,,,,,,,,,,,,,,,,
"Cleveland Browns",CLE,"DST",8070,,,,,,,,,,,,,,,,,,,,,,,,,,,"Elijah Sarratt",BAL,"WR",27463,,,,,,,,,,,,,,,,,,,,,,,,,,,,,,,,,,,,,,,,,,,,,,,
"Evan Engram",DEN,"TE",16411,,,,,,,,,,,,,,,,,,,,,,,,,,,"Jaydon Blue",PHI,"RB",24344,,,,,,,,,,,,,,,,,,,,,,,,,,,,,,,,,,,,,,,,,,,,,,,
"Charlie Kolar",LAC,"TE",22756,,,,,,,,,,,,,,,,,,,,,,,,,,,"Mason Taylor",NYJ,"TE",26005,,,,,,,,,,,,,,,,,,,,,,,,,,,,,,,,,,,,,,,,,,,,,,,
"Jacoby Brissett",ARI,"QB",15642,,,,,,,,,,,,,,,,,,,,,,,,,,,"Elic Ayomanor",TEN,"WR",27059,,,,,,,,,,,,,,,,,,,,,,,,,,,,,,,,,,,,,,,,,,,,,,,
"Darnell Mooney",NYG,"WR",19810,,,,,,,,,,,,,,,,,,,,,,,,,,,"Skyler Bell",BUF,"WR",28126,,,,,,,,,,,,,,,,,,,,,,,,,,,,,,,,,,,,,,,,,,,,,,,
"Tyler Loop",BAL,"K",27534,,,,,,,,,,,,,,,,,,,,,,,,,,,"Trevor Etienne",CAR,"RB",25393,,,,,,,,,,,,,,,,,,,,,,,,,,,,,,,,,,,,,,,,,,,,,,,
"Oronde Gadsden II",LAC,"TE",25997,,,,,,,,,,,,,,,,,,,,,,,,,,,"Kendrick Bourne",ARI,"WR",17066,,,,,,,,,,,,,,,,,,,,,,,,,,,,,,,,,,,,,,,,,,,,,,,
"Carolina Panthers",CAR,"DST",8040,,,,,,,,,,,,,,,,,,,,,,,,,,,"Roschon Johnson",CHI,"RB",25322,,,,,,,,,,,,,,,,,,,,,,,,,,,,,,,,,,,,,,,,,,,,,,,
"Xavier Legette",CAR,"WR",26136,,,,,,,,,,,,,,,,,,,,,,,,,,,"Tory Horton",SEA,"WR",26022,,,,,,,,,,,,,,,,,,,,,,,,,,,,,,,,,,,,,,,,,,,,,,,
"Cairo Santos",CHI,"K",13731,,,,,,,,,,,,,,,,,,,,,,,,,,,"Elijah Arroyo",SEA,"TE",23004,,,,,,,,,,,,,,,,,,,,,,,,,,,,,,,,,,,,,,,,,,,,,,,
"Kendre Miller",NO,"RB",24360,,,,,,,,,,,,,,,,,,,,,,,,,,,"Jalen Tolbert",MIA,"WR",23770,,,,,,,,,,,,,,,,,,,,,,,,,,,,,,,,,,,,,,,,,,,,,,,
"Troy Franklin",DEN,"WR",23092,,,,,,,,,,,,,,,,,,,,,,,,,,,"Joshua Palmer",BUF,"WR",22845,,,,,,,,,,,,,,,,,,,,,,,,,,,,,,,,,,,,,,,,,,,,,,,
"Isiah Pacheco",DET,"RB",24333,,,,,,,,,,,,,,,,,,,,,,,,,,,"Mack Hollins",NE,"WR",16489,,,,,,,,,,,,,,,,,,,,,,,,,,,,,,,,,,,,,,,,,,,,,,,
"Los Angeles Chargers",LAC,"DST",8250,,,,,,,,,,,,,,,,,,,,,,,,,,,"KaVontae Turpin",DAL,"WR",18520,,,,,,,,,,,,,,,,,,,,,,,,,,,,,,,,,,,,,,,,,,,,,,,
"Keon Coleman",BUF,"WR",26019,,,,,,,,,,,,,,,,,,,,,,,,,,,"Marvin Mims Jr.",DEN,"WR",23080,,,,,,,,,,,,,,,,,,,,,,,,,,,,,,,,,,,,,,,,,,,,,,,
"Andy Borregales",NE,"K",27291,,,,,,,,,,,,,,,,,,,,,,,,,,,"Kalif Raymond",CHI,"WR",16081,,,,,,,,,,,,,,,,,,,,,,,,,,,,,,,,,,,,,,,,,,,,,,,
"Mike Gesicki",CIN,"TE",17272,,,,,,,,,,,,,,,,,,,,,,,,,,,"Theo Johnson",NYG,"TE",23104,,,,,,,,,,,,,,,,,,,,,,,,,,,,,,,,,,,,,,,,,,,,,,,
"Jahan Dotson",ATL,"WR",23101,,,,,,,,,,,,,,,,,,,,,,,,,,,"Demarcus Robinson",SF,"WR",15665,,,,,,,,,,,,,,,,,,,,,,,,,,,,,,,,,,,,,,,,,,,,,,,
"Ted Hurst III",TB,"WR",28130,,,,,,,,,,,,,,,,,,,,,,,,,,,"Cole Kmet",CHI,"TE",19229,,,,,,,,,,,,,,,,,,,,,,,,,,,,,,,,,,,,,,,,,,,,,,,
"Jack Bech",LV,"WR",27224,,,,,,,,,,,,,,,,,,,,,,,,,,,"Tahj Brooks",CIN,"RB",26212,,,,,,,,,,,,,,,,,,,,,,,,,,,,,,,,,,,,,,,,,,,,,,,
"Cincinnati Bengals",CIN,"DST",8060,,,,,,,,,,,,,,,,,,,,,,,,,,,"Jake Tonges",SF,"TE",24778,,,,,,,,,,,,,,,,,,,,,,,,,,,,,,,,,,,,,,,,,,,,,,,
"Darius Slayton",NYG,"WR",18706,,,,,,,,,,,,,,,,,,,,,,,,,,,"Eli Raridon",NE,"TE",28154,,,,,,,,,,,,,,,,,,,,,,,,,,,,,,,,,,,,,,,,,,,,,,,
"Michael Mayer",LV,"TE",23056,,,,,,,,,,,,,,,,,,,,,,,,,,,"Dawson Knox",BUF,"TE",18631,,,,,,,,,,,,,,,,,,,,,,,,,,,,,,,,,,,,,,,,,,,,,,,
"Bryce Lance",NO,"WR",28129,,,,,,,,,,,,,,,,,,,,,,,,,,,"Kyle Juszczyk",SF,"RB",11798,,,,,,,,,,,,,,,,,,,,,,,,,,,,,,,,,,,,,,,,,,,,,,,
"Darren Waller",CAR,"TE",14104,,,,,,,,,,,,,,,,,,,,,,,,,,,"Roman Wilson",PIT,"WR",28896,,,,,,,,,,,,,,,,,,,,,,,,,,,,,,,,,,,,,,,,,,,,,,,
"Geno Smith",NYJ,"QB",11687,,,,,,,,,,,,,,,,,,,,,,,,,,,"Will Shipley",PHI,"RB",22930,,,,,,,,,,,,,,,,,,,,,,,,,,,,,,,,,,,,,,,,,,,,,,,
"Darnell Washington",PIT,"TE",22967,,,,,,,,,,,,,,,,,,,,,,,,,,,"Christian Kirk",SF,"WR",17268,,,,,,,,,,,,,,,,,,,,,,,,,,,,,,,,,,,,,,,,,,,,,,,
"Fernando Mendoza",LV,"QB",28013,,,,,,,,,,,,,,,,,,,,,,,,,,,"Isaac Guerendo",SF,"RB",26392,,,,,,,,,,,,,,,,,,,,,,,,,,,,,,,,,,,,,,,,,,,,,,,
"Andrei Iosivas",CIN,"WR",25335,,,,,,,,,,,,,,,,,,,,,,,,,,,"Malik Benson",LV,"WR",26012,,,,,,,,,,,,,,,,,,,,,,,,,,,,,,,,,,,,,,,,,,,,,,,
"Isaiah Davis",NYJ,"RB",25977,,,,,,,,,,,,,,,,,,,,,,,,,,,"Oscar Delp",NO,"TE",25430,,,,,,,,,,,,,,,,,,,,,,,,,,,,,,,,,,,,,,,,,,,,,,,
"James Conner",ARI,"RB",16447,,,,,,,,,,,,,,,,,,,,,,,,,,,"Audric Estime",NO,"RB",23054,,,,,,,,,,,,,,,,,,,,,,,,,,,,,,,,,,,,,,,,,,,,,,,
"Ty Johnson",BUF,"RB",18406,,,,,,,,,,,,,,,,,,,,,,,,,,,"Brenen Thompson",LAC,"WR",28133,,,,,,,,,,,,,,,,,,,,,,,,,,,,,,,,,,,,,,,,,,,,,,,
"DeMario Douglas",NE,"WR",25304,,,,,,,,,,,,,,,,,,,,,,,,,,,"Hollywood Brown",PHI,"WR",18226,,,,,,,,,,,,,,,,,,,,,,,,,,,,,,,,,,,,,,,,,,,,,,,
"Ollie Gordon II",MIA,"RB",25984,,,,,,,,,,,,,,,,,,,,,,,,,,,"Kareem Hunt",FA,"RB",16425,,,,,,,,,,,,,,,,,,,,,,,,,,,,,,,,,,,,,,,,,,,,,,,
"Chicago Bears",CHI,"DST",8050,,,,,,,,,,,,,,,,,,,,,,,,,,,"Tyler Higbee",LAR,"TE",15623,,,,,,,,,,,,,,,,,,,,,,,,,,,,,,,,,,,,,,,,,,,,,,,
"LeQuint Allen Jr.",JAC,"RB",27285,,,,,,,,,,,,,,,,,,,,,,,,,,,"Zavion Thomas",CHI,"WR",28132,,,,,,,,,,,,,,,,,,,,,,,,,,,,,,,,,,,,,,,,,,,,,,,
"DJ Giddens",IND,"RB",27097,,,,,,,,,,,,,,,,,,,,,,,,,,,"Olamide Zaccheaus",ATL,"WR",18864,,,,,,,,,,,,,,,,,,,,,,,,,,,,,,,,,,,,,,,,,,,,,,,
"Kyle Williams",NE,"WR",27487,,,,,,,,,,,,,,,,,,,,,,,,,,,"Eli Stowers",PHI,"TE",23144,,,,,,,,,,,,,,,,,,,,,,,,,,,,,,,,,,,,,,,,,,,,,,,
"Brashard Smith",KC,"RB",27259,,,,,,,,,,,,,,,,,,,,,,,,,,,"Treylon Burks",WAS,"WR",22905,,,,,,,,,,,,,,,,,,,,,,,,,,,,,,,,,,,,,,,,,,,,,,,
"Devin Singletary",NYG,"RB",18280,,,,,,,,,,,,,,,,,,,,,,,,,,,"Sione Vaki",DET,"RB",26309,,,,,,,,,,,,,,,,,,,,,,,,,,,,,,,,,,,,,,,,,,,,,,,
"Adam Randall",BAL,"RB",24367,,,,,,,,,,,,,,,,,,,,,,,,,,,,,,,,,,,,,,,,,,,,,,,,,,,,,,,,,,,,,,,,,,,,,,,,,,,,,
"Xavier Hutchinson",HOU,"WR",25332,,,,,,,,,,,,,,,,,,,,,,,,,,,,,,,,,,,,,,,,,,,,,,,,,,,,,,,,,,,,,,,,,,,,,,,,,,,,,
"Chimere Dike",TEN,"WR",27315,,,,,,,,,,,,,,,,,,,,,,,,,,,,,,,,,,,,,,,,,,,,,,,,,,,,,,,,,,,,,,,,,,,,,,,,,,,,,
"Chris Boswell",PIT,"K",13029,,,,,,,,,,,,,,,,,,,,,,,,,,,,,,,,,,,,,,,,,,,,,,,,,,,,,,,,,,,,,,,,,,,,,,,,,,,,,
"Jacob Saylors",DET,"RB",25693,,,,,,,,,,,,,,,,,,,,,,,,,,,,,,,,,,,,,,,,,,,,,,,,,,,,,,,,,,,,,,,,,,,,,,,,,,,,,
"Emari Demercado",DAL,"RB",25654,,,,,,,,,,,,,,,,,,,,,,,,,,,,,,,,,,,,,,,,,,,,,,,,,,,,,,,,,,,,,,,,,,,,,,,,,,,,,
"Buffalo Bills",BUF,"DST",8030,,,,,,,,,,,,,,,,,,,,,,,,,,,,,,,,,,,,,,,,,,,,,,,,,,,,,,,,,,,,,,,,,,,,,,,,,,,,,
"Tank Dell",HOU,"WR",25361,,,,,,,,,,,,,,,,,,,,,,,,,,,,,,,,,,,,,,,,,,,,,,,,,,,,,,,,,,,,,,,,,,,,,,,,,,,,,
"Michael Penix Jr.",ATL,"QB",22973,,,,,,,,,,,,,,,,,,,,,,,,,,,,,,,,,,,,,,,,,,,,,,,,,,,,,,,,,,,,,,,,,,,,,,,,,,,,,
"Elijah Sarratt",BAL,"WR",27463,,,,,,,,,,,,,,,,,,,,,,,,,,,,,,,,,,,,,,,,,,,,,,,,,,,,,,,,,,,,,,,,,,,,,,,,,,,,,
"Detroit Lions",DET,"DST",8100,,,,,,,,,,,,,,,,,,,,,,,,,,,,,,,,,,,,,,,,,,,,,,,,,,,,,,,,,,,,,,,,,,,,,,,,,,,,,
"Jaydon Blue",PHI,"RB",24344,,,,,,,,,,,,,,,,,,,,,,,,,,,,,,,,,,,,,,,,,,,,,,,,,,,,,,,,,,,,,,,,,,,,,,,,,,,,,
"Mason Taylor",NYJ,"TE",26005,,,,,,,,,,,,,,,,,,,,,,,,,,,,,,,,,,,,,,,,,,,,,,,,,,,,,,,,,,,,,,,,,,,,,,,,,,,,,
"Kirk Cousins",LV,"QB",11177,,,,,,,,,,,,,,,,,,,,,,,,,,,,,,,,,,,,,,,,,,,,,,,,,,,,,,,,,,,,,,,,,,,,,,,,,,,,,
"Elic Ayomanor",TEN,"WR",27059,,,,,,,,,,,,,,,,,,,,,,,,,,,,,,,,,,,,,,,,,,,,,,,,,,,,,,,,,,,,,,,,,,,,,,,,,,,,,
"Skyler Bell",BUF,"WR",28126,,,,,,,,,,,,,,,,,,,,,,,,,,,,,,,,,,,,,,,,,,,,,,,,,,,,,,,,,,,,,,,,,,,,,,,,,,,,,
"Trevor Etienne",CAR,"RB",25393,,,,,,,,,,,,,,,,,,,,,,,,,,,,,,,,,,,,,,,,,,,,,,,,,,,,,,,,,,,,,,,,,,,,,,,,,,,,,
"Kendrick Bourne",ARI,"WR",17066,,,,,,,,,,,,,,,,,,,,,,,,,,,,,,,,,,,,,,,,,,,,,,,,,,,,,,,,,,,,,,,,,,,,,,,,,,,,,
"Roschon Johnson",CHI,"RB",25322,,,,,,,,,,,,,,,,,,,,,,,,,,,,,,,,,,,,,,,,,,,,,,,,,,,,,,,,,,,,,,,,,,,,,,,,,,,,,
"Tory Horton",SEA,"WR",26022,,,,,,,,,,,,,,,,,,,,,,,,,,,,,,,,,,,,,,,,,,,,,,,,,,,,,,,,,,,,,,,,,,,,,,,,,,,,,
"Elijah Arroyo",SEA,"TE",23004,,,,,,,,,,,,,,,,,,,,,,,,,,,,,,,,,,,,,,,,,,,,,,,,,,,,,,,,,,,,,,,,,,,,,,,,,,,,,
"Jalen Tolbert",MIA,"WR",23770,,,,,,,,,,,,,,,,,,,,,,,,,,,,,,,,,,,,,,,,,,,,,,,,,,,,,,,,,,,,,,,,,,,,,,,,,,,,,
"Deshaun Watson",CLE,"QB",16398,,,,,,,,,,,,,,,,,,,,,,,,,,,,,,,,,,,,,,,,,,,,,,,,,,,,,,,,,,,,,,,,,,,,,,,,,,,,,
"Joshua Palmer",BUF,"WR",22845,,,,,,,,,,,,,,,,,,,,,,,,,,,,,,,,,,,,,,,,,,,,,,,,,,,,,,,,,,,,,,,,,,,,,,,,,,,,,
"Mack Hollins",NE,"WR",16489,,,,,,,,,,,,,,,,,,,,,,,,,,,,,,,,,,,,,,,,,,,,,,,,,,,,,,,,,,,,,,,,,,,,,,,,,,,,,
"KaVontae Turpin",DAL,"WR",18520,,,,,,,,,,,,,,,,,,,,,,,,,,,,,,,,,,,,,,,,,,,,,,,,,,,,,,,,,,,,,,,,,,,,,,,,,,,,,
"Marvin Mims Jr.",DEN,"WR",23080,,,,,,,,,,,,,,,,,,,,,,,,,,,,,,,,,,,,,,,,,,,,,,,,,,,,,,,,,,,,,,,,,,,,,,,,,,,,,
"New York Giants",NYG,"DST",8200,,,,,,,,,,,,,,,,,,,,,,,,,,,,,,,,,,,,,,,,,,,,,,,,,,,,,,,,,,,,,,,,,,,,,,,,,,,,,
"Kalif Raymond",CHI,"WR",16081,,,,,,,,,,,,,,,,,,,,,,,,,,,,,,,,,,,,,,,,,,,,,,,,,,,,,,,,,,,,,,,,,,,,,,,,,,,,,
"Theo Johnson",NYG,"TE",23104,,,,,,,,,,,,,,,,,,,,,,,,,,,,,,,,,,,,,,,,,,,,,,,,,,,,,,,,,,,,,,,,,,,,,,,,,,,,,
"Demarcus Robinson",SF,"WR",15665,,,,,,,,,,,,,,,,,,,,,,,,,,,,,,,,,,,,,,,,,,,,,,,,,,,,,,,,,,,,,,,,,,,,,,,,,,,,,
"Cole Kmet",CHI,"TE",19229,,,,,,,,,,,,,,,,,,,,,,,,,,,,,,,,,,,,,,,,,,,,,,,,,,,,,,,,,,,,,,,,,,,,,,,,,,,,,
"Tahj Brooks",CIN,"RB",26212,,,,,,,,,,,,,,,,,,,,,,,,,,,,,,,,,,,,,,,,,,,,,,,,,,,,,,,,,,,,,,,,,,,,,,,,,,,,,
"Jake Tonges",SF,"TE",24778,,,,,,,,,,,,,,,,,,,,,,,,,,,,,,,,,,,,,,,,,,,,,,,,,,,,,,,,,,,,,,,,,,,,,,,,,,,,,
"Eli Raridon",NE,"TE",28154,,,,,,,,,,,,,,,,,,,,,,,,,,,,,,,,,,,,,,,,,,,,,,,,,,,,,,,,,,,,,,,,,,,,,,,,,,,,,
"Dawson Knox",BUF,"TE",18631,,,,,,,,,,,,,,,,,,,,,,,,,,,,,,,,,,,,,,,,,,,,,,,,,,,,,,,,,,,,,,,,,,,,,,,,,,,,,
"Kyle Juszczyk",SF,"RB",11798,,,,,,,,,,,,,,,,,,,,,,,,,,,,,,,,,,,,,,,,,,,,,,,,,,,,,,,,,,,,,,,,,,,,,,,,,,,,,
"Roman Wilson",PIT,"WR",28896,,,,,,,,,,,,,,,,,,,,,,,,,,,,,,,,,,,,,,,,,,,,,,,,,,,,,,,,,,,,,,,,,,,,,,,,,,,,,
"Blake Grupe",NYJ,"K",25533,,,,,,,,,,,,,,,,,,,,,,,,,,,,,,,,,,,,,,,,,,,,,,,,,,,,,,,,,,,,,,,,,,,,,,,,,,,,,
"Tampa Bay Buccaneers",TB,"DST",8290,,,,,,,,,,,,,,,,,,,,,,,,,,,,,,,,,,,,,,,,,,,,,,,,,,,,,,,,,,,,,,,,,,,,,,,,,,,,,
"Will Shipley",PHI,"RB",22930,,,,,,,,,,,,,,,,,,,,,,,,,,,,,,,,,,,,,,,,,,,,,,,,,,,,,,,,,,,,,,,,,,,,,,,,,,,,,
"Tua Tagovailoa",ATL,"QB",19198,,,,,,,,,,,,,,,,,,,,,,,,,,,,,,,,,,,,,,,,,,,,,,,,,,,,,,,,,,,,,,,,,,,,,,,,,,,,,
"Harrison Butker",KC,"K",16712,,,,,,,,,,,,,,,,,,,,,,,,,,,,,,,,,,,,,,,,,,,,,,,,,,,,,,,,,,,,,,,,,,,,,,,,,,,,,
"Christian Kirk",SF,"WR",17268,,,,,,,,,,,,,,,,,,,,,,,,,,,,,,,,,,,,,,,,,,,,,,,,,,,,,,,,,,,,,,,,,,,,,,,,,,,,,
"Isaac Guerendo",SF,"RB",26392,,,,,,,,,,,,,,,,,,,,,,,,,,,,,,,,,,,,,,,,,,,,,,,,,,,,,,,,,,,,,,,,,,,,,,,,,,,,,
"Malik Benson",LV,"WR",26012,,,,,,,,,,,,,,,,,,,,,,,,,,,,,,,,,,,,,,,,,,,,,,,,,,,,,,,,,,,,,,,,,,,,,,,,,,,,,
"Oscar Delp",NO,"TE",25430,,,,,,,,,,,,,,,,,,,,,,,,,,,,,,,,,,,,,,,,,,,,,,,,,,,,,,,,,,,,,,,,,,,,,,,,,,,,,
"Audric Estime",NO,"RB",23054,,,,,,,,,,,,,,,,,,,,,,,,,,,,,,,,,,,,,,,,,,,,,,,,,,,,,,,,,,,,,,,,,,,,,,,,,,,,,
"Brenen Thompson",LAC,"WR",28133,,,,,,,,,,,,,,,,,,,,,,,,,,,,,,,,,,,,,,,,,,,,,,,,,,,,,,,,,,,,,,,,,,,,,,,,,,,,,
"Hollywood Brown",PHI,"WR",18226,,,,,,,,,,,,,,,,,,,,,,,,,,,,,,,,,,,,,,,,,,,,,,,,,,,,,,,,,,,,,,,,,,,,,,,,,,,,,
"Kareem Hunt",FA,"RB",16425,,,,,,,,,,,,,,,,,,,,,,,,,,,,,,,,,,,,,,,,,,,,,,,,,,,,,,,,,,,,,,,,,,,,,,,,,,,,,
"Tyler Higbee",LAR,"TE",15623,,,,,,,,,,,,,,,,,,,,,,,,,,,,,,,,,,,,,,,,,,,,,,,,,,,,,,,,,,,,,,,,,,,,,,,,,,,,,
"Tennessee Titans",TEN,"DST",8300,,,,,,,,,,,,,,,,,,,,,,,,,,,,,,,,,,,,,,,,,,,,,,,,,,,,,,,,,,,,,,,,,,,,,,,,,,,,,
"Zavion Thomas",CHI,"WR",28132,,,,,,,,,,,,,,,,,,,,,,,,,,,,,,,,,,,,,,,,,,,,,,,,,,,,,,,,,,,,,,,,,,,,,,,,,,,,,
"Olamide Zaccheaus",ATL,"WR",18864,,,,,,,,,,,,,,,,,,,,,,,,,,,,,,,,,,,,,,,,,,,,,,,,,,,,,,,,,,,,,,,,,,,,,,,,,,,,,
"Wil Lutz",DEN,"K",16026,,,,,,,,,,,,,,,,,,,,,,,,,,,,,,,,,,,,,,,,,,,,,,,,,,,,,,,,,,,,,,,,,,,,,,,,,,,,,
"Eli Stowers",PHI,"TE",23144,,,,,,,,,,,,,,,,,,,,,,,,,,,,,,,,,,,,,,,,,,,,,,,,,,,,,,,,,,,,,,,,,,,,,,,,,,,,,
"Treylon Burks",WAS,"WR",22905,,,,,,,,,,,,,,,,,,,,,,,,,,,,,,,,,,,,,,,,,,,,,,,,,,,,,,,,,,,,,,,,,,,,,,,,,,,,,
"Shedeur Sanders",CLE,"QB",25968,,,,,,,,,,,,,,,,,,,,,,,,,,,,,,,,,,,,,,,,,,,,,,,,,,,,,,,,,,,,,,,,,,,,,,,,,,,,,
"Sione Vaki",DET,"RB",26309,,,,,,,,,,,,,,,,,,,,,,,,,,,,,,,,,,,,,,,,,,,,,,,,,,,,,,,,,,,,,,,,,,,,,,,,,,,,,
"Green Bay Packers",GB,"DST",8110,,,,,,,,,,,,,,,,,,,,,,,,,,,,,,,,,,,,,,,,,,,,,,,,,,,,,,,,,,,,,,,,,,,,,,,,,,,,,
"Nick Folk",ATL,"K",9491,,,,,,,,,,,,,,,,,,,,,,,,,,,,,,,,,,,,,,,,,,,,,,,,,,,,,,,,,,,,,,,,,,,,,,,,,,,,,
